Ò,å,ê,ñ,ò
Ñ, ,ê,à,æ,ä,û,ì, ,ä,í,å,ì, ,ì,û, ,ï,î,ë,ó,÷,à,å,ì, ,â,ñ,å, ,á,î,ë,ü,ø,å, ,è,í,ò,å,ð,å,ñ,í,û,õ, ,ï,ð,å,ä,ë,î,æ,å,í,è,é, ,î,ò, ,÷,è,ò,à,ò,å,ë,å,é, ,"""",Á,î,ì,á,à,ð,ä,è,ð,à,"""", ,í,à, ,ò,å,ì,ó, ,â,î,ç,ì,î,æ,í,î,ã,î, ,ô,ó,í,ê,ö,è,î,í,à,ë,à,., ,Â,û, ,î,ò,ï,è,ñ,û,â,à,å,ò,å,ñ,ü, ,â, ,ê,î,ì,ì,å,í,ò,à,ð,è,ÿ,õ,",", ,ï,ð,è,ñ,û,ë,à,å,ò,å, ,ñ,â,î,è, ,ï,î,æ,å,ë,à,í,è,ÿ, ,í,à, ,ï,î,÷,ò,ó, ,-, ,ñ,ï,à,ñ,è,á,î, ,â,à,ì,., ,Ì,û, ,ê,ð,ó,ã,ë,î,ñ,ó,ò,î,÷,í,î, ,ð,à,á,î,ò,à,å,ì, ,í,à,ä, ,ò,å,ì,",", ,÷,ò,î,á,û, ,ñ,ò,à,ò,ü, ,ë,ó,÷,ø,å, ,è, ,ñ,î,î,ò,â,å,ò,ñ,ò,â,î,â,à,ò,ü, ,â,à,ø,è,ì, ,î,æ,è,ä,à,í,è,ÿ,ì,., ,È, ,ï,î, ,ý,ò,î,é, ,ï,ð,è,÷,è,í,å, ,ì,û, ,ð,å,ø,è,ë,è, ,ç,à,ï,ó,ñ,ò,è,ò,ü, ,í,à,ø, ,ä,í,å,â,í,è,ê, ,ð,à,ç,ð,à,á,î,ò,÷,è,ê,î,â,",", ,â, ,ê,î,ò,î,ð,î,ì, ,á,ó,ä,å,ì, ,ð,å,ã,ó,ë,ÿ,ð,í,î, ,î,á,í,î,â,ë,ÿ,ò,ü, ,è,í,ô,î,ð,ì,à,ö,è,þ, ,è, ,ñ,î,î,á,ù,à,ò,ü, ,â,à,ì,",", ,í,à,ä, ,÷,å,ì, ,â, ,ä,à,í,í,û,é, ,ì,î,ì,å,í,ò, ,ò,ð,ó,ä,è,ò,ñ,ÿ, ,í,à,ø,à, ,ê,î,ì,à,í,ä,à,., ,Â,û,",", ,â, ,ñ,â,î,þ, ,î,÷,å,ð,å,ä,ü,",", ,ì,î,æ,å,ò,å, ,è, ,ä,à,ë,ü,ø,å, ,ä,å,ë,è,ò,ü,ñ,ÿ, ,â,ï,å,÷,à,ò,ë,å,í,è,ÿ,ì,è, ,î,ò, ,ð,à,á,î,ò,û, ,í,à,ø,å,ã,î, ,ð,å,ñ,ó,ð,ñ,à,., ,4, ,í,î,ÿ,á,ð,ÿ, ,1,., ,Î,á,í,î,â,ë,å,í,í,û,å, ,è,ê,î,í,ê,è, ,ê, ,î,í,ë,à,é,í,à,ì, ,-, ,â,è,ä,å,î,ò,ð,à,í,ñ,ë,ÿ,ö,è,ÿ, ,-, ,ò,å,ê,ñ,ò,î,â,à,ÿ, ,ò,ð,à,í,ñ,ë,ÿ,ö,è,ÿ, ,Ö,â,å,ò,î,â,û,å, ,è,í,ä,è,ê,à,ò,î,ð,û,:, ,-, ,ì,à,ò,÷, ,å,ù,å, ,í,å, ,í,à,÷,à,ë,ñ,ÿ, ,-, ,ì,à,ò,÷, ,è,ä,å,ò, ,-, ,ì,à,ò,÷, ,ç,à,â,å,ð,ø,å,í, ,2,., ,Â, ,ï,ð,î,ô,è,ë,å, ,ï,î,ë,ü,ç,î,â,à,ò,å,ë,ÿ, ,ï,î,ÿ,â,è,ë,à,ñ,ü, ,ê,î,ë,î,í,ê,à, ,î,ò,â,å,ò,î,â, ,í,à, ,ê,î,ì,ì,å,í,ò,à,ð,è,è,., ,Â,û,ã,ë,ÿ,ä,è,ò, ,ý,ò,î, ,ò,à,ê,:, ,3,., ,È,ñ,ò,î,ð,è,ÿ, ,â,ñ,ò,ð,å,÷, ,â, ,î,í,ë,à,é,í,-,ò,ð,à,í,ñ,ë,ÿ,ö,è,ÿ,õ, ,4,., ,À,â,ò,î,ð,è,ç,à,ö,è,ÿ, ,÷,å,ð,å,ç, ,ñ,î,ö,ñ,å,ò,è,., ,Â,ñ,å, ,ï,ð,î,ñ,ò,î, ,è, ,á,û,ñ,ò,ð,î,., ,5,., ,Í,à,ø,ë,è, ,î,ø,è,á,ê,ó,?, ,Î,",", ,ý,ò,î, ,ë,þ,á,è,ì,î,å, ,ç,à,í,ÿ,ò,è,å, ,í,à,ø,è,õ, ,÷,è,ò,à,ò,å,ë,å,é,:,), ,Ò,å,ï,å,ð,ü, ,â,û, ,ì,î,æ,å,ò,å, ,ï,î,ì,î,÷,ü, ,ð,å,ä,à,ê,ò,î,ð,à,ì,",", ,â,û,ä,å,ë,è,â, ,î,ø,è,á,ê,ó, ,è, ,í,à,æ,à,â, ,í,å,ç,à,ì,û,ñ,ë,î,â,à,ò,ó,þ, ,ê,î,ì,á,è,í,à,ö,è,þ, ,ê,ë,à,â,è,ø, ,c,t,r,l,+,e,n,t,e,r, ,2,5, ,ñ,å,í,ò,ÿ,á,ð,ÿ, ,Â, ,ï,ð,î,ô,è,ë,å, ,ï,î,ë,ü,ç,î,â,à,ò,å,ë,å,é, ,"""",Á,î,ì,á,à,ð,ä,è,ð,à,"""", ,ï,î,ÿ,â,è,ë,è,ñ,ü, ,ê,î,ì,ì,å,í,ò,à,ð,è,è,!, ,Ä,ð,ó,ç,ü,ÿ,",", ,ì,û, ,ä,à,æ,å, ,í,å, ,á,ó,ä,å,ì, ,í,è,÷,å,ã,î, ,î,á,ú,ÿ,ñ,í,ÿ,ò,ü,., ,Â,û, ,ñ,à,ì,è, ,â,ñ,å, ,ï,î,í,è,ì,à,å,ò,å,., ,Á,û,ñ,ò,ð,î, ,î,ò,ê,ð,û,â,à,é,ò,å, ,ñ,â,î,é, ,ï,ð,î,ô,è,ë,ü, ,è, ,ï,ð,î,â,å,ð,ÿ,é,ò,å,!, ,Ê,à,ê, ,ò,å,ï,å,ð,ü, ,â,û,ã,ë,ÿ,ä,è,ò, ,ï,ð,î,ô,è,ë,ü,:, ,Î,÷,å,í,ü, ,ì,í,î,ã,î, ,í,å,á,î,ë,ü,ø,è,õ, ,î,á,í,î,â,ë,å,í,è,é,",", ,ê,î,ò,î,ð,û,å,",", ,ì,û, ,í,à,ä,å,å,ì,ñ,ÿ,",", ,ñ,ä,å,ë,à,þ,ò, ,ñ,à,é,ò, ,å,ù,å, ,í,å,ì,í,î,ã,î, ,ó,ä,î,á,í,å,å,:, ,1,., ,Ð,ÿ,ä,î,ì, ,ñ, ,ã,ë,à,â,í,û,ì,è, ,ð,à,ç,ä,å,ë,à,ì,è, ,ñ,à,é,ò,à, ,â,û, ,ó,æ,å, ,ç,à,â,ò,ð,à, ,(,à, ,ê,ò,î,-,ò,î,",", ,â,î,ç,ì,î,æ,í,î,",", ,â,è,ä,å,ë, ,è, ,ñ,å,ã,î,ä,í,ÿ,), ,í,å,î,æ,è,ä,à,í,í,î, ,ì,î,æ,å,ò,å, ,ç,à,ì,å,ò,è,ò,ü, ,è,ê,î,í,ê,ó, ,â, ,â,è,ä,å, ,ç,å,ë,å,í,î,ã,î, ,ê,ð,ó,æ,ê,à,., ,Í,å,",", ,ý,ò,î, ,â,à,ì, ,í,å, ,ì,å,ð,å,ù,è,ò,ñ,ÿ,., ,Ý,ò,î, ,î,ç,í,à,÷,à,å,ò,",", ,÷,ò,î, ,â, ,ä,à,í,í,û,é, ,ì,î,ì,å,í,ò, ,â, ,ð,à,ç,ä,å,ë,å, ,(,â, ,î,ä,í,î,ì, ,è,ç, ,ò,ó,ð,í,è,ð,î,â,), ,è,ä,å,ò, ,ì,à,ò,÷, ,è,ë,è, ,í,å,ñ,ê,î,ë,ü,ê,î, ,ì,à,ò,÷,å,é,., ,2,., ,Í,î,â,à,ÿ, ,ó,ä,î,á,í,à,ÿ, ,ñ,î,ð,ò,è,ð,î,â,ê,à, ,â,î,î,î,î,á,ù,å, ,â,ñ,å,õ, ,ì,à,ò,÷,å,é, ,"""",Á,î,ì,á,à,ð,ä,è,ð,à,"""",., ,Í,à,æ,è,ì,à,å,ò,å, ,ñ, ,ã,ë,à,â,í,î,é, ,ñ,ò,ð,à,í,è,ö,û, ,í,à, ,"""",Ô,ó,ò,á,î,ë,ü,í,û,å, ,ì,à,ò,÷,è,"""", ,(,ñ,ì,., ,ð,è,ñ,., ,í,è,æ,å,), ,è, ,ï,î,ë,ü,ç,ó,å,ò,ñ,ÿ, ,ó,æ,å, ,ç,í,à,ê,î,ì,û,ì,è, ,ê,í,î,ï,ê,à,ì,è, ,"""",Â,ñ,å,"""",",", ,"""",Â,÷,å,ð,à,"""",",", ,"""",Ñ,å,ã,î,ä,í,ÿ,"""",",", ,"""",Ç,à,â,ò,ð,à,"""",., ,3,., ,Â, ,â,è,ä,å,î,ð,à,ç,ä,å,ë,å, ,ò,å,ï,å,ð,ü, ,å,ñ,ò,ü, ,ô,è,ë,ü,ò,ð, ,ï,î, ,ò,ó,ð,í,è,ð,à,ì,., ,Ò,à,ê, ,÷,ò,î, ,â,à,ì, ,á,î,ë,ü,ø,å, ,í,å, ,í,ó,æ,í,î, ,ä,î,ë,ã,î, ,ë,è,ñ,ò,à,ò,ü, ,ñ,ò,ð,à,í,è,ö,û, ,ñ, ,â,è,ä,å,î, ,â, ,ï,î,è,ñ,ê,å, ,í,à,è,á,î,ë,å,å, ,è,í,ò,å,ð,å,ñ,í,û,õ, ,ò,ó,ð,í,è,ð,î,â, ,è,ë,è, ,ê,î,í,ê,ð,å,ò,í,û,õ, ,ì,à,ò,÷,å,é,., ,2,4, ,ñ,å,í,ò,ÿ,á,ð,ÿ, ,Í,à, ,"""",Á,î,ì,á,à,ð,ä,è,ð,å,"""", ,ï,î,ÿ,â,è,ë,à,ñ,ü, ,í,î,â,à,ÿ, ,â,î,ç,ì,î,æ,í,î,ñ,ò,ü, ,ä,ë,ÿ, ,á,î,ë,å,å, ,á,û,ñ,ò,ð,î,ã,î, ,ï,å,ð,å,õ,î,ä,à, ,ê, ,ñ,ò,ð,à,í,è,ö,å, ,ñ,î, ,â,ñ,å,ì,è, ,ê,î,ì,à,í,ä,à,ì,è,",", ,ê,î,ò,î,ð,û,å, ,ï,ð,è,í,è,ì,à,þ,ò, ,ó,÷,à,ñ,ò,è,å, ,â, ,â,û,á,ð,à,í,í,î,ì, ,÷,å,ì,ï,è,î,í,à,ò,å,., ,Í,ó,æ,í,û,é, ,ï,î,ä,ð,à,ç,ä,å,ë, ,í,à,õ,î,ä,è,ò,ñ,ÿ, ,â, ,ã,ë,à,â,í,î,ì, ,ð,à,ç,ä,å,ë,å, ,÷,å,ì,ï,è,î,í,à,ò,à,., ,Í,à,ï,ð,è,ì,å,ð,",", ,â, ,Ð,Ô,Ï,Ë, ,â,û, ,ì,î,æ,å,ò,å, ,å,ã,î, ,í,à,é,ò,è, ,ç,ä,å,ñ,ü,:, ,À, ,â, ,ð,à,ç,ä,å,ë,å, ,Å,â,ð,î,-,2,0,1,6, ,ç,ä,å,ñ,ü,:, ,Ñ,à,ì,à, ,ñ,ò,ð,à,í,è,ö,à, ,ñ, ,ê,î,ì,à,í,ä,à,ì,è, ,â,û,ã,ë,ÿ,ä,è,ò, ,ò,à,ê,:, ,2,2, ,ñ,å,í,ò,ÿ,á,ð,ÿ, ,Ñ,î,ð,ò,è,ð,î,â,ê,à, ,î,í,ë,à,é,í,-,ò,ð,à,í,ñ,ë,ÿ,ö,è,é, ,í,à, ,ã,ë,à,â,í,î,é, ,ñ,ò,ð,à,í,è,ö,å, ,"""",Á,î,ì,á,à,ð,ä,è,ð,à,"""",., ,Å,ñ,ë,è, ,â,à,ì, ,í,å, ,õ,î,÷,å,ò,ñ,ÿ, ,â,è,ä,å,ò,ü, ,â,ñ,å, ,ä,î,ñ,ò,ó,ï,í,û,å, ,è, ,è,í,ò,å,ð,å,ñ,í,û,å, ,ì,à,ò,÷,è, ,í,à, ,ã,ë,à,â,í,î,é, ,ñ,ò,ð,à,í,è,ö,å,",", ,ò,î, ,â,û, ,ì,î,æ,å,ò,å, ,ï,î,ñ,ì,î,ò,ð,å,ò,ü, ,ò,î,ë,ü,ê,î, ,è,ã,ð,û,",", ,ê,î,ò,î,ð,û,å, ,è,ä,ó,ò, ,ñ,å,ã,î,ä,í,ÿ,",", ,ê,î,ò,î,ð,û,å, ,ç,à,â,å,ð,ø,è,ë,è,ñ,ü, ,â,÷,å,ð,à, ,è,ë,è, ,ê,î,ò,î,ð,û,å, ,á,ó,ä,ó,ò, ,ç,à,â,ò,ð,à,., ,Ä,ë,ÿ, ,ý,ò,î,ã,î, ,í,ó,æ,í,î, ,í,à,æ,à,ò,ü, ,ñ,î,î,ò,â,å,ò,ñ,ò,â,ó,þ, ,â,ê,ë,à,ä,ê,ó,., ,×,ò,î,á,û, ,â,å,ð,í,ó,ò,ü, ,î,ò,î,á,ð,à,æ,å,í,è,å, ,â,ñ,å,õ, ,ì,à,ò,÷,å,é,",", ,ò,.,å,., ,â,å,ð,í,ó,ò,ü, ,ê,ë,à,ñ,ñ,è,÷,å,ñ,ê,î,å, ,î,ò,î,á,ð,à,æ,å,í,è,å, ,ã,ë,à,â,í,î,é, ,ñ,ò,ð,à,í,è,ö,û, ,-, ,í,à,æ,è,ì,à,å,ì, ,â,ê,ë,à,ä,ê,ó, ,"""",Â,ñ,å,"""",., ,2,0, ,ñ,å,í,ò,ÿ,á,ð,ÿ, ,Ó, ,í,à,ñ, ,ï,î,ÿ,â,è,ë,è,ñ,ü, ,ê,í,î,ï,î,÷,ê,è, ,ñ,î,ö,ñ,å,ò,å,é, ,(,Â,ê,î,í,ò,à,ê,ò,å,",", ,F,a,c,e,b,o,o,k,",", ,T,w,i,t,t,e,r,),., ,Ë,þ,á,î,é, ,í,î,â,î,ñ,ò,ü,þ,",", ,ñ,ò,à,ò,ü,å,é, ,è,ë,è, ,ä,à,æ,å, ,î,í,ë,à,é,í,-,ò,ð,à,í,ñ,ë,ÿ,ö,è,å,é, ,â,û, ,ì,î,æ,å,ò,å, ,ï,î,ä,å,ë,è,ò,ü,ñ,ÿ, ,ñ,î, ,ñ,â,î,è,ì,è, ,ä,ð,ó,ç,ü,ÿ,ì,è,",", ,ï,î,ä,ï,è,ñ,÷,è,ê,à,ì,è,",", ,í,ó, ,è, ,ñ,ä,å,ë,à,ò,ü, ,í,à,ì, ,ï,ð,è,ÿ,ò,í,î,:,), ,Ã,ä,å, ,è,ñ,ê,à,ò,ü, ,ê,í,î,ï,ê,è,?, ,Â, ,í,î,â,î,ñ,ò,ÿ,õ, ,Â, ,ñ,ò,à,ò,ü,ÿ,õ, ,1,5, ,ñ,å,í,ò,ÿ,á,ð,ÿ, ,Ï,ë,à,ø,ê,è, ,"""",Ô,î,ò,î,"""", ,è, ,"""",Â,è,ä,å,î,"""",",", ,ê,î,ò,î,ð,û,å, ,á,ó,ä,ó,ò, ,î,á,î,ç,í,à,÷,à,ò,ü, ,ñ,î,î,ò,â,å,ò,ñ,ò,â,ó,þ,ù,è,é, ,ê,î,í,ò,å,í,ò, ,â,í,ó,ò,ð,è, ,í,î,â,î,ñ,ò,è,., ,1,2, ,ñ,å,í,ò,ÿ,á,ð,ÿ, ,Â,ñ,¸,!, ,Ñ,ê,à,æ,å,ì, ,í,å,ò, ,ï,ð,î,á,ë,å,ì,à,ì, ,ñ, ,ï,î,è,ñ,ê,î,ì, ,ð,å,ç,ó,ë,ü,ò,à,ò,î,â, ,è, ,ð,à,ñ,ï,è,ñ,à,í,è,ÿ,!, ,Ì,û, ,ç,à,ï,ó,ñ,ê,à,å,ì, ,í,î,â,î,å, ,ì,å,í,þ,",", ,ã,ä,å, ,â,ñ,å, ,÷,å,ò,ê,î,",", ,ó,ä,î,á,í,î, ,è, ,í,å, ,ì,î,æ,å,ò, ,â,à,ì, ,í,å, ,ï,î,í,ð,à,â,è,ò,ñ,ÿ,:,), ,Ï,î,ä,â,î,ä,è,ò,å, ,ê,ó,ð,ñ,î,ð, ,ê, ,í,ó,æ,í,î,ì,ó, ,ð,à,ç,ä,å,ë,ó,",", ,â,û,á,è,ð,à,é,ò,å, ,÷,å,ì,ï,è,î,í,à,ò, ,è,ë,è, ,ï,î,ä,ð,à,ç,ä,å,ë, ,è, ,è,ç,ó,÷,à,é,ò,å, ,è,í,ô,î,ð,ì,à,ö,è,þ,., ,Â, ,ê,à,æ,ä,î,ì, ,ò,ó,ð,í,è,ð,å, ,ä,î,ñ,ò,ó,ï,í,î, ,÷,å,ò,û,ð,å, ,ã,ë,à,â,í,û,õ, ,ï,î,ä,ð,à,ç,ä,å,ë,à,:, ,ê,à,ë,å,í,ä,à,ð,ü,",", ,ð,å,ç,ó,ë,ü,ò,à,ò,û,",", ,ò,à,á,ë,è,ö,à, ,è, ,ñ,ò,à,ò,è,ñ,ò,è,ê,à, ,-, ,÷,ò,î, ,å,ù,å, ,í,ó,æ,í,î, ,ä,ë,ÿ, ,ñ,÷,à,ñ,ò,ü,ÿ,?, ,1,1, ,ñ,å,í,ò,ÿ,á,ð,ÿ, ,1,., ,Ð,à,ç,ä,å,ë, ,â,è,ä,å,î, ,ï,î,ÿ,â,è,ë,ñ,ÿ, ,í,à, ,ã,ë,à,â,í,î,é, ,ñ,ò,ð,à,í,è,ö,å, ,è, ,â, ,í,å,ê,î,ò,î,ð,û,õ, ,ð,à,ç,ä,å,ë,à,õ, ,ï,î, ,÷,å,ì,ï,è,î,í,à,ò,à,ì,., ,2,., ,Â, ,î,í,ë,à,é,í,à,õ, ,ì,à,ò,÷,-,ö,å,í,ò,ð, ,ï,å,ð,å,å,õ,à,ë, ,í,à, ,ï,ð,à,â,û,é, ,ô,ë,à,í,ã, ,-, ,ò,å,ï,å,ð,ü, ,â,à,ì, ,î,í, ,í,å, ,á,ó,ä,å,ò, ,ì,å,ø,à,ò,ü, ,è,ç,ó,÷,à,ò,ü, ,ñ,î,ñ,ò,à,â,û, ,è,ã,ð,à,þ,ù,è,õ, ,ê,î,ì,à,í,ä,., ,3,., ,Ì,û, ,á,ë,è,ç,ê,è, ,ê, ,ò,î,ì,ó,",", ,÷,ò,î,á,û, ,ç,à,â,å,ð,ø,è,ò,ü, ,ð,à,á,î,ò,ó, ,ï,î, ,í,î,â,î,ì,ó, ,ì,å,í,þ,",", ,ê,î,ò,î,ð,î,å, ,ð,å,ø,è,ò, ,ê,ó,÷,ó, ,ï,ð,î,á,ë,å,ì, ,ñ, ,í,à,â,è,ã,à,ö,è,å,é,., ,4,., ,Â, ,ï,ð,î,ô,è,ë,å, ,ò,ð,å,í,å,ð,à, ,ä,î,á,à,â,ë,å,í,û, ,â,ê,ë,à,ä,ê,è, ,"""",Í,î,â,î,ñ,ò,è,"""",",", ,"""",Ñ,ò,à,ò,ü,è,"""",",", ,"""",Ñ,ò,à,ò,è,ñ,ò,è,ê,à,"""",., ,Ï,ð,è,ì,å,ð,., ,5,., ,Ò,à,ê,æ,å, ,â, ,ï,ð,î,ô,è,ë,å, ,ê,à,æ,ä,î,é, ,ê,î,ì,à,í,ä,û, ,ï,î,ÿ,â,è,ë,à,ñ,ü, ,â,ê,ë,à,ä,ê,à, ,"""",Â,è,ä,å,î,"""", ,-, ,ò,à,ì, ,â,û, ,ì,î,æ,å,ò,å, ,í,à,é,ò,è, ,â,ñ,å, ,ñ,â,ÿ,ç,à,í,í,û,å, ,ñ, ,ê,î,ì,à,í,ä,î,é, ,â,è,ä,å,î,., ,9, ,ñ,å,í,ò,ÿ,á,ð,ÿ, ,1,., ,Ã,ë,à,â,í,à,ÿ, ,í,î,â,î,ñ,ò,ü, ,-, ,ì,û, ,ç,à,ï,ó,ñ,ò,è,ë,è, ,ð,à,ç,ä,å,ë, ,â,è,ä,å,î,!, ,Ó,ð,à,!, ,Ð,à,í,ü,ø,å, ,â,û, ,ì,î,ã,ë,è, ,ï,ð,î,ñ,ì,à,ð,è,â,à,ò,ü, ,â,è,ä,å,î, ,ò,î,ë,ü,ê,î, ,â, ,î,í,ë,à,é,í,à,õ, ,è, ,â, ,í,î,â,î,ñ,ò,ÿ,õ,",", ,à, ,ò,å,ï,å,ð,ü, ,ï,î, ,â,ñ,å,ì, ,ä,î,ñ,ò,ó,ï,í,û,ì, ,ì,à,ò,÷,à,ì, ,â,è,ä,å,î,í,à,ð,å,ç,ê,è,",", ,è,í,ò,å,ð,â,ü,þ, ,è, ,ï,î,ë,í,û,å, ,â,è,ä,å,î,î,á,ç,î,ð,û, ,ì,î,æ,í,î, ,í,à,é,ò,è, ,â, ,î,ò,ä,å,ë,ü,í,î,ì, ,ð,à,ç,ä,å,ë,å,., ,Ï,î,ê,à, ,ì,û, ,ç,à,ã,ð,ó,ç,è,ë,è, ,â,ñ,å, ,ä,î,ñ,ò,ó,ï,í,û,å, ,â,è,ä,å,î, ,ï,î, ,Ð,Ô,Ï,Ë,-,2,0,1,5,/,1,6,., ,Â, ,á,ë,è,æ,à,é,ø,è,å, ,ä,í,è, ,â,à,ñ, ,æ,ä,å,ò, ,â,è,ä,å,î,à,ð,õ,è,â, ,ï,î, ,í,î,â,û,ì, ,ñ,å,ç,î,í,à,ì, ,â, ,À,í,ã,ë,è,è,",", ,È,ñ,ï,à,í,è,è,",", ,È,ò,à,ë,è,è, ,è, ,Ô,ð,à,í,ö,è,è,., ,Í,ó, ,à, ,â, ,ä,à,ë,ü,í,å,é,ø,å,ì, ,â,è,ä,å,î,ð,à,ç,ä,å,ë, ,á,ó,ä,å,ò, ,ð,å,ã,ó,ë,ÿ,ð,í,î, ,ï,î,ï,î,ë,í,ÿ,ò,ü,ñ,ÿ, ,à,ê,ò,ó,à,ë,ü,í,û,ì,è, ,â,è,ä,å,î,., ,2,., ,Â, ,ê,à,æ,ä,î,é, ,í,î,â,î,ñ,ò,è, ,è, ,ñ,ò,à,ò,ü,å, ,ï,î,ÿ,â,è,ë,ñ,ÿ, ,á,ë,î,ê, ,"""",×,è,ò,à,é,ò,å, ,ò,à,ê,æ,å,"""",., ,Ò,à,ì, ,â,û, ,ì,î,æ,å,ò,å, ,í,à,é,ò,è, ,ï,î,ñ,ë,å,ä,í,è,å, ,í,î,â,î,ñ,ò,è, ,è, ,ì,à,ò,å,ð,è,à,ë,û,",", ,ê,î,ò,î,ð,û,å, ,ì,î,ã,ó,ò, ,â,à,ñ, ,ò,à,ê,æ,å, ,ç,à,è,í,ò,å,ð,å,ñ,î,â,à,ò,ü,., ,3,., ,Â, ,ï,ð,î,ô,è,ë,å, ,ê,à,æ,ä,î,ã,î, ,è,ã,ð,î,ê,à, ,ï,î,ÿ,â,è,ë,è,ñ,ü, ,â,ê,ë,à,ä,ê,è, ,"""",Í,î,â,î,ñ,ò,è,"""", ,è, ,"""",Ñ,ò,à,ò,ü,è,"""", ,-, ,â,ñ,å, ,ì,à,ò,å,ð,è,à,ë,û,",", ,â, ,ê,î,ò,î,ð,û,õ, ,ó,ê,à,ç,à,í, ,ä,à,í,í,û,é, ,è,ã,ð,î,ê,",", ,á,ó,ä,ó,ò, ,î,ò,î,á,ð,à,æ,à,ò,ü,ñ,ÿ, ,â, ,ý,ò,è,õ, ,â,ê,ë,à,ä,ê,à,õ,., ,È,ã,î,ð,ü, ,À,ê,è,í,ô,å,å,â,",", ,í,à,ï,ð,è,ì,å,ð,",", ,î,÷,å,í,ü, ,ý,ò,î,ì,ó, ,ð,à,ä,., ,*,*,*, ,Í,å,á,î,ë,ü,ø,î,é, ,F,A,Q, ,ï,î, ,ò,î,ì,ó,",", ,÷,ò,î, ,ó,æ,å, ,ñ,ä,å,ë,à,í,î, ,ç,à, ,ï,î,ë,í,î,ö,å,í,í,û,é, ,ì,å,ñ,ÿ,ö, ,ñ,ó,ù,å,ñ,ò,â,î,â,à,í,è,ÿ, ,ñ,à,é,ò,à,., ,Ã,ë,à,â,í,à,ÿ, ,ñ,ò,ð,à,í,è,ö,à, ,Ç,ä,å,ñ,ü, ,â,ñ,å, ,ä,î,â,î,ë,ü,í,î, ,ï,ð,è,â,û,÷,í,î,., ,Å,ñ,ò,ü, ,á,û,ñ,ò,ð,û,é, ,ï,å,ð,å,õ,î,ä, ,â, ,í,ó,æ,í,û,å, ,ð,à,ç,ä,å,ë,û, ,ï,î, ,ñ,ò,ð,à,í,à,ì,., ,Í,î,â,î,ñ,ò,í,à,ÿ, ,ë,å,í,ò,à,",", ,ë,å,í,ò,à, ,ñ,ò,à,ò,å,é,",", ,ò,ð,à,í,ñ,ë,ÿ,ö,è,è, ,ì,à,ò,÷,å,é,",", ,ê,î,ò,î,ð,û,å, ,ä,î,ñ,ò,ó,ï,í,û, ,â, ,ò,å,ê,ñ,ò,î,â,î,ì, ,è,/,è,ë,è, ,â,è,ä,å,î,ô,î,ð,ì,à,ò,å,., ,Ï,î,ä, ,ã,ë,à,â,í,û,ì,è, ,í,î,â,î,ñ,ò,ÿ,ì,è, ,ì,î,æ,í,î, ,í,à,ñ,ò,ð,î,è,ò,ü, ,á,ë,î,ê, ,"""",Ì,î,ÿ, ,ê,î,ì,à,í,ä,à,"""",",", ,ã,ä,å, ,á,ó,ä,å,ò, ,î,ò,î,á,ð,à,æ,à,ò,ü,ñ,ÿ, ,ñ,à,ì,à,ÿ, ,í,å,î,á,õ,î,ä,è,ì,à,ÿ, ,è,í,ô,î,ð,ì,à,ö,è,ÿ, ,î, ,â,à,ø,å,ì, ,ë,þ,á,è,ì,î,ì, ,ê,ë,ó,á,å,., ,Ï,î,ç,æ,å, ,ì,û, ,ï,ë,à,í,è,ð,ó,å,ì, ,ó,â,å,ë,è,÷,è,ò,ü, ,ê,î,ë,è,÷,å,ñ,ò,â,î, ,ë,þ,á,è,ì,û,õ, ,ê,î,ì,à,í,ä,., ,Ï,î,ä, ,î,í,ë,à,é,í,à,ì,è, ,ì,à,ò,÷,å,é, ,ì,î,æ,å,ò,å, ,í,à,é,ò,è, ,è, ,í,à,ñ,ò,ð,î,è,ò,ü, ,ò,ó,ð,í,è,ð,í,ó,þ, ,ò,à,á,ë,è,ö,ó,., ,Í,è,æ,å, ,-, ,ñ,ò,à,ò,è,ñ,ò,è,ê,à, ,ï,î, ,â,û,á,ð,à,í,í,î,ì,ó, ,ò,ó,ð,í,è,ð,û,., ,Å,ù,å, ,í,è,æ,å, ,-, ,á,ë,î,ê, ,"""",Ì,î,ÿ, ,ñ,á,î,ð,í,à,ÿ,"""",., ,Ò,î,ò, ,æ,å, ,ô,ó,í,ê,ö,è,î,í,à,ë,",", ,÷,ò,î, ,è, ,â, ,"""",Ì,î,å,é, ,ê,î,ì,à,í,ä,å,"""",",", ,í,î, ,ç,ä,å,ñ,ü, ,í,ó,æ,í,î, ,â,û,á,ð,à,ò,ü, ,ë,þ,á,è,ì,ó,þ, ,ñ,á,î,ð,í,ó,þ,., ,Ê,ð,î,ì,å, ,ò,î,ã,î,",", ,÷,å,ð,å,ç, ,á,ë,î,ê, ,"""",Ì,î,ÿ, ,ñ,á,î,ð,í,à,ÿ,"""", ,â,û, ,ï,î,ë,ó,÷,è,ò,å, ,á,û,ñ,ò,ð,û,é, ,ï,å,ð,å,õ,î,ä, ,ê, ,ð,å,ç,ó,ë,ü,ò,à,ò,à,ì, ,è, ,ð,à,ñ,ï,è,ñ,à,í,è,þ, ,ì,à,ò,÷,å,é, ,â,û,á,ð,à,í,í,î,é, ,ñ,á,î,ð,í,î,é,",", ,ï,ð,î,ô,è,ë,þ, ,ê,î,ì,à,í,ä,û, ,è, ,í,à,é,ä,å,ò,å, ,ò,ó,ð,í,è,ð,í,ó,þ, ,ò,à,á,ë,è,ö,ó, ,(,ò,î,ë,ü,ê,î, ,ä,ë,ÿ, ,î,ò,á,î,ð,î,÷,í,î,ã,î, ,ý,ò,à,ï,à, ,ê, ,Å,â,ð,î,-,2,0,1,6,),., ,Ò,ð,à,í,ñ,ë,ÿ,ö,è,è, ,(,ò,å,ê,ñ,ò,/,â,è,ä,å,î,), ,Ì,í,î,ã,è,å, ,ì,à,ò,÷,è, ,å,â,ð,î,ï,å,é,ñ,ê,è,õ, ,÷,å,ì,ï,è,î,í,à,ò,î,â, ,è, ,å,â,ð,î,ê,ó,á,ê,î,â, ,â,û, ,ò,å,ï,å,ð,ü, ,ì,î,æ,å,ò,å, ,ñ,ì,î,ò,ð,å,ò,ü, ,è, ,í,à, ,â,è,ä,å,î, ,á,ë,à,ã,î,ä,à,ð,ÿ, ,ñ,å,ð,â,è,ñ,ó, ,"""",Í,Ò,Â,-,Ï,ë,þ,ñ,"""",., ,È,ã,ð,û,",", ,ê,î,ò,î,ð,û,å, ,ä,î,ñ,ò,ó,ï,í,û, ,í,à, ,â,è,ä,å,î,",", ,î,á,î,ç,í,à,÷,à,þ,ò,ñ,ÿ, ,ç,í,à,÷,ê,î,ì, ,., ,À, ,ò,à,ê,",", ,í,à,è,á,î,ë,å,å, ,â,à,æ,í,û,å, ,ì,à,ò,÷,è, ,ì,û, ,â,ñ,å,ã,ä,à, ,â,å,ä,å,ì, ,â, ,ò,å,ê,ñ,ò,î,â,î,ì, ,ô,î,ð,ì,à,ò,å,., ,Â, ,î,í,ë,à,é,í,à,õ, ,ä,î,ñ,ò,ó,ï,í,û, ,ñ,î,ñ,ò,à,â,û, ,ê,î,ì,à,í,ä,",", ,ñ,ò,à,ò,è,ñ,ò,è,ê,à,",", ,ñ,ó,ä,ü,è,., ,Ò,à,ê,æ,å, ,å,ñ,ò,ü, ,î,ê,î,ø,ê,î, ,ì,à,ò,÷,-,ö,å,í,ò,ð,à,",", ,ã,ä,å, ,î,ò,î,á,ð,à,æ,à,þ,ò,ñ,ÿ, ,è,ã,ð,û, ,ñ,å,ã,î,ä,í,ÿ,ø,í,å,ã,î, ,ä,í,ÿ,",", ,ê,î,ò,î,ð,û,å, ,ì,û, ,â,å,ä,å,ì, ,â, ,ò,å,ê,ñ,ò,î,â,î,ì, ,è,ë,è, ,â,è,ä,å,î,ô,î,ð,ì,à,ò,å,., ,Î,á,î, ,â,ñ,å,õ, ,â,à,æ,í,û,õ, ,è,ã,ð,à,õ, ,ì,û, ,ñ,î,î,á,ù,à,å,ì, ,â, ,í,à,ø,å,é, ,í,î,â,î,ñ,ò,í,î,é, ,ë,å,í,ò,å,., ,Ò,à,ê, ,÷,ò,î, ,å,ñ,ë,è, ,â,û, ,÷,è,ò,à,å,ò,å, ,í,à,ø,è, ,í,î,â,î,ñ,ò,è,",", ,ò,î, ,ò,î,÷,í,î, ,í,å, ,ï,ð,î,ï,ó,ñ,ò,è,ò,å, ,è,í,ô,î,ð,ì,à,ö,è,þ, ,î, ,â,ñ,ò,ð,å,÷,å, ,ë,þ,á,è,ì,î,é, ,ê,î,ì,à,í,ä,û, ,è, ,ó,ç,í,à,å,ò,å,",", ,â, ,ê,à,ê,î,ì, ,ô,î,ð,ì,à,ò,å, ,á,ó,ä,å,ò, ,ä,î,ñ,ò,ó,ï,í,à, ,ò,ð,à,í,ñ,ë,ÿ,ö,è,ÿ,., ,Ñ,ò,à,ò,è,ñ,ò,è,ê,à, ,×,ò,î, ,â,õ,î,ä,è,ò, ,â, ,ñ,ò,à,ò,è,ñ,ò,è,ê,ó,?, ,Ï,î,ê,à, ,ý,ò,î, ,î,ñ,í,î,â,í,û,å, ,è, ,ã,ë,à,â,í,û,å, ,ï,î,ê,à,ç,à,ò,å,ë,è,:, ,ã,î,ë,û,",", ,ã,î,ë,å,â,û,å, ,ï,å,ð,å,ä,à,÷,è,",", ,æ,å,ë,ò,û,å, ,è, ,ê,ð,à,ñ,í,û,å, ,ê,à,ð,ò,î,÷,ê,è,., ,Ï,î,ç,æ,å, ,ì,û, ,ï,ë,à,í,è,ð,ó,å,ì, ,ð,à,ñ,ø,è,ð,è,ò,ü, ,ä,à,í,í,û,å,., ,Ã,ä,å, ,è,ñ,ê,à,ò,ü, ,ñ,ò,à,ò,è,ñ,ò,è,÷,å,ñ,ê,è,é, ,ð,à,ç,ä,å,ë,?, ,Í,à, ,ã,ë,à,â,í,î,é, ,ñ,ò,ð,à,í,è,ö,å,., ,Ñ,ð,à,ç,ó, ,ï,î,ä, ,ò,ó,ð,í,è,ð,í,î,é, ,ò,à,á,ë,è,ö,å,é,., ,Ç,ä,å,ñ,ü, ,æ,å, ,â,û, ,ì,î,æ,å,ò,å, ,â,û,á,ð,à,ò,ü, ,è,í,ò,å,ð,å,ñ,ó,þ,ù,è,é, ,â,à,ñ, ,÷,å,ì,ï,è,î,í,à,ò, ,è, ,ï,î,ñ,ì,î,ò,ð,å,ò,ü, ,ä,à,í,í,û,å, ,ê,à,ê, ,ç,à, ,ò,å,ê,ó,ù,è,é,",", ,ò,à,ê, ,è, ,ç,à, ,ï,ð,å,ä,û,ä,ó,ù,è,é, ,ñ,å,ç,î,í,., ,Ë,è,á,î, ,ò,î,æ,å, ,ï,î,ä, ,ò,ó,ð,í,è,ð,í,î,é, ,ò,à,á,ë,è,ö,å,é,",", ,í,î, ,â, ,ð,à,ç,ä,å,ë,à,õ, ,÷,å,ì,ï,è,î,í,à,ò,î,â,",", ,ï,î, ,ê,î,ò,î,ð,û,ì, ,â,å,ä,å,ò,ñ,ÿ, ,ñ,ò,à,ò,è,ñ,ò,è,ê,à,., ,Ï,î,ê,à, ,ì,û, ,â,à,ì, ,ì,î,æ,å,ì, ,ï,ð,å,ä,ë,î,æ,è,ò,ü, ,ñ,ò,à,ò,è,ñ,ò,è,ê,ó, ,ï,î, ,Ð,Ô,Ï,Ë,",", ,ì,î,ë,î,ä,å,æ,í,î,ì,ó, ,ï,å,ð,â,å,í,ñ,ò,â,ó,",", ,Ô,Í,Ë,",", ,À,Ï,Ë,",", ,Ï,ð,è,ì,å,ð,à,",", ,Ñ,å,ð,è,è, ,À,",", ,Á,ó,í,ä,å,ñ,ë,è,ã,å,",", ,Ó,Ï,Ë, ,è, ,î,ò,á,î,ð,î,÷,í,î,ì,ó, ,ý,ò,à,ï,ó, ,Å,â,ð,î,-,2,0,1,6,., ,Ñ,î, ,â,ð,å,ì,å,í,å,ì, ,÷,è,ñ,ë,î, ,ò,ó,ð,í,è,ð,î,â,",", ,ï,î, ,ê,î,ò,î,ð,û,ì, ,á,ó,ä,å,ò, ,ä,î,ñ,ò,ó,ï,í,à, ,ñ,ò,à,ò,è,ñ,ò,è,ê,à,",", ,ó,â,å,ë,è,÷,è,ò,ñ,ÿ,., ,Â, ,á,ë,è,æ,à,é,ø,è,õ, ,ï,ë,à,í,à,õ, ,-, ,Ï,Ô,Ë,",", ,Ë,è,ã,à, ,1,",", ,×,å,ì,ï,è,î,í,ø,è,ï, ,è, ,å,â,ð,î,ê,ó,á,ê,è,., ,Ï,ð,î,ô,è,ë,ü, ,ê,î,ì,à,í,ä,û, ,×,å,ð,å,ç, ,ï,ð,î,ô,è,ë,ü, ,ë,þ,á,î,é, ,ê,î,ì,à,í,ä,û, ,ì,î,æ,í,î, ,î,ñ,ó,ù,å,ñ,ò,â,è,ò,ü, ,á,û,ñ,ò,ð,û,é, ,ï,å,ð,å,õ,î,ä, ,â, ,ð,à,ñ,ï,è,ñ,à,í,è,å, ,è,ë,è, ,ð,å,ç,ó,ë,ü,ò,à,ò,û, ,ý,ò,î,é, ,ê,î,ì,à,í,ä,û,",", ,ï,î,ñ,ì,î,ò,ð,å,ò,ü, ,ñ,î,ñ,ò,à,â, ,è, ,ñ,ò,à,ò,è,ñ,ò,è,ê,ó,",", ,à, ,ò,à,ê,æ,å, ,ï,î,÷,è,ò,à,ò,ü, ,í,î,â,î,ñ,ò,è, ,è, ,ñ,ò,à,ò,ü,è,",", ,ñ,â,ÿ,ç,à,í,í,û,å, ,è,ì,å,í,í,î, ,ñ, ,â,û,á,ð,à,í,í,û,ì, ,ê,ë,ó,á,î,ì, ,è,ë,è, ,ñ,á,î,ð,í,î,é,., ,Ê,î,ì,ì,å,í,ò,à,ð,è,è, ,Í,à, ,ñ,à,é,ò,å, ,ä,å,é,ñ,ò,â,ó,å,ò, ,í,î,â,à,ÿ, ,ñ,è,ñ,ò,å,ì,à, ,ê,î,ì,ì,å,í,ò,à,ð,è,å,â,",", ,ê,î,ò,î,ð,à,ÿ,",", ,ê, ,í,à,ø,å,ì,ó, ,ñ,î,æ,à,ë,å,í,è,þ,",", ,ï,î,ê,à, ,í,å, ,â,ñ,å,ã,ä,à, ,ð,à,á,î,ò,à,å,ò, ,ñ,ò,à,á,è,ë,ü,í,î,., ,Ê,à,æ,ä,û,é, ,ê,î,ì,ì,å,í,ò,à,ð,è,é, ,ì,î,æ,í,î, ,î,ö,å,í,è,ò,ü,",", ,ä,î,á,à,â,è,â, ,å,ã,î, ,ð,å,é,ò,è,í,ã,ó, ,ï,ë,þ,ñ, ,è,ë,è, ,ì,è,í,ó,ñ,., ,Î,ä,è,í, ,ê,î,ì,ì,å,í,ò,à,ð,è,é, ,â,û, ,ì,î,æ,å,ò,å, ,î,ö,å,í,è,ò,ü, ,ò,î,ë,ü,ê,î, ,î,ä,è,í, ,ð,à,ç,., ,Â,ñ,þ, ,â,å,ò,ê,ó, ,ê,î,ì,ì,å,í,ò,à,ð,è,å,â, ,ì,î,æ,í,î, ,î,ò,ñ,î,ð,ò,è,ð,î,â,à,ò,ü, ,ï,î, ,ò,ð,å,ì, ,ï,à,ð,à,ì,å,ò,ð,à,ì,:, ,"""",í,î,â,û,å,"""", ,(,ï,î,ñ,ë,å,ä,í,è,å, ,ê,î,ì,ì,å,í,ò,à,ð,è,è, ,â, ,â,å,ò,ê,å,),",", ,"""",ï,î,ï,ó,ë,ÿ,ð,í,û,å,"""", ,(,ê,î,ì,ì,å,í,ò,à,ð,è,è,",", ,í,à,á,ð,à,â,ø,è,å, ,í,à,è,á,î,ë,ü,ø,å,å, ,÷,è,ñ,ë,î, ,ï,ë,þ,ñ,î,â,), ,è, ,"""",ï,å,ð,â,û,å,"""", ,(,ý,ò,à, ,ñ,î,ð,ò,è,ð,î,â,ê,à, ,ï,î,ç,â,î,ë,ÿ,å,ò, ,÷,è,ò,à,ò,ü, ,ê,î,ì,ì,å,í,ò,à,ð,è,è, ,ñ, ,ñ,à,ì,î,ã,î, ,í,à,÷,à,ë,à,),., ,Ì,î,á,è,ë,ü,í,à,ÿ, ,â,å,ð,ñ,è,ÿ, ,ñ,à,é,ò,à, ,Ó,æ,å, ,á,î,ë,ü,ø,å, ,ì,å,ñ,ÿ,ö,à, ,ì,û, ,à,ê,ò,è,â,í,î, ,ä,î,ð,à,á,à,ò,û,â,à,å,ì, ,ì,î,á,è,ë,ü,í,ó,þ, ,â,å,ð,ñ,è,þ, ,ñ,à,é,ò,à, ,"""",Á,î,ì,á,à,ð,ä,è,ð,à,"""", ,ï,î, ,à,ä,ð,å,ñ,ó, ,m,.,b,o,m,b,a,r,d,i,r,.,r,u,",", ,è, ,â,ñ,å, ,ý,ò,î, ,â,ð,å,ì,ÿ, ,î,í,à, ,ä,î,ñ,ò,ó,ï,í,à, ,ä,ë,ÿ, ,ï,î,ë,ü,ç,î,â,à,í,è,ÿ,., ,Ó,ä,î,á,í,à,ÿ, ,í,à,â,è,ã,à,ö,è,ÿ,",", ,á,û,ñ,ò,ð,û,é, ,ä,î,ñ,ò,ó,ï, ,ê, ,í,î,â,î,ñ,ò,í,î,é, ,ë,å,í,ò,å, ,è, ,ñ,ò,à,ò,ü,ÿ,ì,",", ,î,í,ë,à,é,í,û, ,ì,à,ò,÷,å,é,",", ,á,ë,î,ê, ,"""",Ì,î,ÿ, ,ê,î,ì,à,í,ä,à,"""", ,-, ,â,ñ,å, ,ý,ò,î, ,æ,ä,å,ò, ,â,à,ñ, ,â, ,í,à,ø,å,é, ,ì,î,á,è,ë,ü,í,î,é, ,â,å,ð,ñ,è,è,., ,Ï,ð,è, ,â,õ,î,ä,å, ,í,à, ,ñ,à,é,ò, ,ñ, ,ì,î,á,è,ë,ü,í,î,ã,î, ,ó,ñ,ò,ð,î,é,ñ,ò,â,à, ,á,ó,ä,å,ò, ,î,ñ,ó,ù,å,ñ,ò,â,ë,ÿ,ò,ü,ñ,ÿ, ,à,â,ò,î,ì,à,ò,è,÷,å,ñ,ê,è,é, ,ï,å,ð,å,õ,î,ä, ,í,à, ,ì,î,á,è,ë,ü,í,ó,þ, ,â,å,ð,ñ,è,þ,., ,Ï,ð,è, ,æ,å,ë,à,í,è,è, ,â,û, ,ñ,ì,î,æ,å,ò,å, ,î,ò,ê,ð,û,ò,ü, ,ï,î,ë,í,ó,þ, ,â,å,ð,ñ,è,þ, ,"""",Á,î,ì,á,à,ð,ä,è,ð,à,"""",",", ,í,à,æ,à,â, ,í,à, ,ñ,î,î,ò,â,å,ò,ñ,ò,â,ó,þ,ù,ó,þ, ,ï,ë,à,ø,ê,ó, ,â,í,è,ç,ó, ,ì,î,á,è,ë,ü,í,î,é, ,ñ,ò,ð,à,í,è,ö,û,., ,Î, ,â,î,ç,í,è,ê,ø,è,õ, ,ï,ð,î,á,ë,å,ì,à,õ, ,ï,è,ø,è,ò,å, ,â, ,ê,î,ì,ì,å,í,ò,à,ð,è,ÿ,õ,",", ,î,á,ÿ,ç,à,ò,å,ë,ü,í,î, ,ó,ê,à,ç,à,â, ,ó,ñ,ò,ð,î,é,ñ,ò,â,î,",", ,ñ, ,ê,î,ò,î,ð,î,ã,î, ,â,û, ,ç,à,õ,î,ä,è,ò,å, ,í,à, ,m,.,b,o,m,b,a,r,d,i,r,.,r,u,., ,×,ò,î, ,ì,û, ,ç,à,ï,ë,à,í,è,ð,î,â,à,ë,è, ,í,à, ,á,ë,è,æ,à,é,ø,å,å, ,á,ó,ä,ó,ù,å,å,?, ,Â, ,ä,à,í,í,û,é, ,ì,î,ì,å,í,ò, ,è,ä,å,ò, ,à,ê,ò,è,â,í,à,ÿ, ,ð,à,á,î,ò,à, ,í,à,ä, ,â,è,ä,å,î,ð,à,ç,ä,å,ë,î,ì,., ,Ê,à,ê, ,â,û, ,ì,î,ã,ë,è, ,ç,à,ì,å,ò,è,ò,ü,",", ,â, ,í,à,ø,è,õ, ,î,í,ë,à,é,í,à,õ, ,ð,å,ã,ó,ë,ÿ,ð,í,î, ,ï,î,ÿ,â,ë,ÿ,þ,ò,ñ,ÿ, ,â,è,ä,å,î,ì,î,ì,å,í,ò,û, ,ã,î,ë,å,â,û,õ, ,à,ò,à,ê,",", ,ç,à,á,è,ò,û,õ, ,ì,ÿ,÷,å,é,",", ,è,í,ò,å,ð,â,ü,þ, ,è, ,î,á,ç,î,ð,û, ,ì,à,ò,÷,å,é,., ,Â,î,ò, ,ý,ò,î, ,â,ñ,å, ,è, ,í,å,ì,í,î,ã,î, ,á,î,ë,ü,ø,å, ,á,ó,ä,å,ò, ,ñ,î,á,ð,à,í,î, ,â, ,î,ä,í,î,ì, ,â,è,ä,å,î,ð,à,ç,ä,å,ë,å,., ,Ì,û, ,í,à,ä,å,å,ì,ñ,ÿ,",", ,á,ó,ä,å,ò, ,ó,ä,î,á,í,î,., ,Ì,û, ,õ,î,ò,è,ì, ,ï,å,ð,å,í,å,ñ,ò,è, ,ì,à,ò,÷,-,ö,å,í,ò,ð, ,í,à, ,ï,ð,à,â,û,é, ,ê,ð,à,é, ,î,í,ë,à,é,í,à,",", ,÷,ò,î,á,û, ,î,í, ,í,å, ,ì,å,ø,à,ë, ,è,ç,ó,÷,å,í,è,þ, ,ñ,î,ñ,ò,à,â,î,â, ,ê,î,ì,à,í,ä,., ,Ò,à,ê,æ,å, ,â, ,î,í,ë,à,é,í,à,õ, ,ï,î,ÿ,â,è,ò,ñ,ÿ, ,î,ê,î,ø,ê,î,",", ,ã,ä,å, ,ì,î,æ,í,î, ,í,à,é,ò,è, ,ì,à,ò,å,ð,è,à,ë,û, ,(,í,î,â,î,ñ,ò,è, ,è, ,ñ,ò,à,ò,ü,è,),",", ,ñ,â,ÿ,ç,à,í,í,û,å, ,ï,î, ,ò,å,ì,å, ,â,û,á,ð,à,í,í,î,ã,î, ,ì,à,ò,÷,à,., ,Â, ,ï,ð,î,ô,è,ë,ÿ,õ, ,è,ã,ð,î,ê,î,â, ,ó,æ,å, ,í,à, ,ý,ò,î,é, ,í,å,ä,å,ë,å, ,ä,î,ë,æ,í,û, ,ï,î,ÿ,â,è,ò,ñ,ÿ, ,â,ê,ë,à,ä,ê,è, ,"""",Í,î,â,î,ñ,ò,è,"""", ,è, ,"""",C,ò,à,ò,ü,è,"""",",", ,ã,ä,å, ,á,ó,ä,ó,ò, ,í,à,õ,î,ä,è,ò,ñ,ÿ, ,ì,à,ò,å,ð,è,à,ë,û, ,ï,î, ,â,û,á,ð,à,í,í,î,ì,ó, ,ô,ó,ò,á,î,ë,è,ñ,ò,ó,., ,Ò,à,ê,æ,å, ,ì,û, ,ï,ë,à,í,è,ð,ó,å,ì, ,ï,î,ð,à,á,î,ò,à,ò,ü, ,í,à,ä, ,ï,ð,î,ô,è,ë,ÿ,ì,è, ,ï,î,ë,ü,ç,î,â,à,ò,å,ë,å,é,., ,×,å,ð,å,ç, ,ï,ð,î,ô,è,ë,è, ,â,û, ,ñ,ì,î,æ,å,ò,å, ,ñ,ì,î,ò,ð,å,ò,ü, ,è,ñ,ò,î,ð,è,þ, ,ñ,â,î,è,õ, ,ê,î,ì,ì,å,í,ò,à,ð,è,å,â,., ,Í,ó, ,è, ,í,à,÷,è,í,à,å,ì, ,ï,ð,î,ð,à,á,î,ò,ê,ó, ,ò,å,õ,í,è,÷,å,ñ,ê,î,ã,î, ,ç,à,ä,à,í,è,ÿ, ,ä,ë,ÿ, ,ñ,î,ç,ä,à,í,è,ÿ, ,ï,î,ë,ü,ç,î,â,à,ò,å,ë,ü,ñ,ê,è,õ, ,á,ë,î,ã,î,â,., ,Ñ,î,á,ñ,ò,â,å,í,í,î,",", ,ò,à,ê, ,ê,à,ê, ,ì,û, ,ý,ò,î, ,ä,å,ë,à,å,ì, ,ä,ë,ÿ, ,â,à,ñ,",", ,ò,î, ,á,ó,ä,å,ì, ,ð,à,ä,û, ,ë,þ,á,û,ì, ,ñ,î,â,å,ò,à,ì, ,è, ,ï,î,æ,å,ë,à,í,è,ÿ,ì, ,â, ,ê,î,ì,ì,å,í,ò,à,ð,è,ÿ,õ,., ,Â,í,è,ì,à,í,è,å,:, ,è,í,ô,î,ð,ì,à,ö,è,ÿ, ,â, ,ä,à,í,í,î,é, ,í,î,â,î,ñ,ò,è, ,á,ó,ä,å,ò, ,î,á,í,î,â,ë,ÿ,ò,ü,ñ,ÿ
Â, ,ï,å,ð,â,î,ì, ,ñ,ò,û,ê,î,â,î,ì, ,ì,à,ò,÷,å, ,ç,à, ,â,û,õ,î,ä, ,í,à, ,÷,å,ì,ï,è,î,í,à,ò, ,Å,â,ð,î,ï,û, ,2,0,1,6, ,ã,î,ä,à, ,ñ,á,î,ð,í,à,ÿ, ,Í,î,ð,â,å,ã,è,è, ,ó,ñ,ò,ó,ï,è,ë,à, ,ê,î,ì,à,í,ä,å, ,Â,å,í,ã,ð,è,è, ,ñ,î, ,ñ,÷,å,ò,î,ì, ,0,:,1,., ,À,â,ò,î,ð,î,ì, ,ã,î,ë,à, ,ñ,ò,à,ë, ,Ê,ë,ÿ,é,í,õ,à,é,ç,ë,å,ð,., ,Î,ò,â,å,ò,í,à,ÿ, ,â,ñ,ò,ð,å,÷,à, ,ñ,î,ñ,ò,î,è,ò,ñ,ÿ, ,â, ,â,î,ñ,ê,ð,å,ñ,å,í,ü,å, ,1,5, ,í,î,ÿ,á,ð,ÿ,., ,×,å,ì,ï,è,î,í,à,ò, ,Å,â,ð,î,ï,û,., ,Ñ,ò,û,ê,î,â,û,å, ,è,ã,ð,û,., ,Ï,å,ð,â,û,é, ,ì,à,ò,÷, ,Í,î,ð,â,å,ã,è,ÿ, ,–, ,Â,å,í,ã,ð,è,ÿ, ,–, ,0,:,1, ,(,0,:,1,), ,Ò,å,ê,ñ,ò,î,â,û,é, ,î,í,ë,à,é,í, ,ì,à,ò,÷,à, ,Ã,î,ë,û,:, ,0,:,1, ,–, ,Ê,ë,ÿ,é,í,õ,à,é,ç,ë,å,ð,",", ,2,6,., ,Ê,à,ë,å,í,ä,à,ð,ü, ,î,ò,á,î,ð,î,÷,í,û,õ, ,ì,à,ò,÷,å,é, ,í,à, ,Å,â,ð,î,-,2,0,1,6
Ã,ë,à,â,í,û,é, ,ò,ð,å,í,å,ð, ,"""",Ð,å,à,ë,à, ,Ê,à,ñ,ò,è,ë,ü,è,"""", ,Ç,è,í,å,ä,è,í, ,Ç,è,ä,à,í, ,ï,ð,î,ê,î,ì,ì,å,í,ò,è,ð,î,â,à,ë, ,î,ò,ñ,ó,ò,ñ,ò,â,è,å, ,è,ã,ð,î,â,î,é, ,ï,ð,à,ê,ò,è,ê,è, ,ó, ,ï,î,ë,ó,ç,à,ù,è,ò,í,è,ê,à, ,ã,ë,à,â,í,î,é, ,ê,î,ì,à,í,ä,û, ,ì,à,ä,ð,è,ä,ö,å,â, ,Ä,å,í,è,ñ,à, ,×,å,ð,û,ø,å,â,à,., ,"""",Ê, ,ñ,î,æ,à,ë,å,í,è,þ,",", ,ñ,å,é,÷,à,ñ, ,Ä,å,í,è,ñ, ,ð,å,ä,ê,î, ,â,û,õ,î,ä,è,ò, ,í,à, ,ï,î,ë,å, ,â, ,ñ,î,ñ,ò,à,â,å, ,"""",Ð,å,à,ë,à,"""",., ,Î,ä,í,à,ê,î, ,î,í, ,ÿ,â,ë,ÿ,å,ò,ñ,ÿ, ,î,ä,í,è,ì, ,è,ç, ,ò,å,õ,",", ,â, ,ê,î,ã,î, ,ì,û, ,â,å,ð,è,ì,"""",",", ,–, ,ã,î,â,î,ð,è,ò, ,Ç,è,ä,à,í,., ,Â, ,í,û,í,å,ø,í,å,ì, ,ñ,å,ç,î,í,å, ,×,å,ð,û,ø,å,â, ,ñ,û,ã,ð,à,ë, ,ç,à, ,"""",Ð,å,à,ë,"""", ,÷,å,ò,û,ð,å, ,ì,à,ò,÷,à,:, ,ï,î, ,ä,â,à, ,â, ,Ï,ð,è,ì,å,ð,å, ,è, ,Ë,è,ã,å, ,÷,å,ì,ï,è,î,í,î,â,.
Ä,î,ë,ã,è, ,Ð,Ô,Ñ, ,ñ,î,ê,ð,à,ò,è,ë,è,ñ,ü, ,ï,î,÷,ò,è, ,í,à, ,î,ä,è,í, ,ì,è,ë,ë,è,à,ð,ä, ,ð,ó,á,ë,å,é, ,ñ, ,ò,î,ã,î, ,ì,î,ì,å,í,ò,à,",", ,ê,à,ê, ,ï,ð,å,ç,è,ä,å,í,ò,î,ì, ,î,ð,ã,à,í,è,ç,à,ö,è,è, ,ñ,ò,à,ë, ,Â,è,ò,à,ë,è,é, ,Ì,ó,ò,ê,î,., ,Î,á, ,ý,ò,î,ì, ,ð,à,ñ,ñ,ê,à,ç,à,ë, ,ñ,à,ì, ,÷,è,í,î,â,í,è,ê,., ,"""",Ê, ,ì,î,ì,å,í,ò,ó, ,ì,î,å,ã,î, ,ï,ð,è,õ,î,ä,à, ,ç,à,ä,î,ë,æ,å,í,í,î,ñ,ò,ü, ,á,û,ë,à, ,î,ê,î,ë,î, ,ä,â,ó,õ, ,ì,è,ë,ë,è,à,ð,ä,î,â, ,ð,ó,á,ë,å,é,",", ,ñ,å,é,÷,à,ñ, ,ì,û, ,ï,î,÷,ò,è, ,î,ä,è,í, ,ì,è,ë,ë,è,à,ð,ä, ,ë,è,ê,â,è,ä,è,ð,î,â,à,ë,è,",", ,ï,î,÷,ò,è, ,â,î,ñ,å,ì,ü,ñ,î,ò, ,ì,è,ë,ë,è,î,í,î,â, ,â,û,ï,ë,à,ò,è,ì, ,ê, ,ê,î,í,ö,ó, ,ã,î,ä,à,., ,Â, ,ÿ,í,â,à,ð,å, ,ì,û, ,ï,ð,î,â,å,ä,å,ì, ,ê,î,í,ô,å,ð,å,í,ö,è,þ,",", ,í,à, ,ê,î,ò,î,ð,î,é, ,â,í,å,ñ,å,ì, ,è,ç,ì,å,í,å,í,è,ÿ, ,â, ,ñ,ò,ð,à,ò,å,ã,è,þ, ,ð,à,ç,â,è,ò,è,ÿ, ,ô,ó,ò,á,î,ë,à,",", ,÷,ò,î,á,û, ,ó,á,ð,à,ò,ü, ,î,ò,ò,ó,ä,à, ,â,ñ,å, ,í,à,ä,ó,ì,à,í,í,î,å, ,è, ,ñ,ä,å,ë,à,ò,ü, ,å,å, ,ê,î,í,ê,ð,å,ò,í,å,å,"""",",", ,–, ,ö,è,ò,è,ð,ó,å,ò, ,Ì,ó,ò,ê,î, ,"""",È,í,ò,å,ð,ô,à,ê,ñ,"""",.
Ï,î,ë,ó,ç,à,ù,è,ò,í,è,ê, ,"""",À,ë,ü,-,Ñ,à,ä,ä,à,"""", ,è, ,á,û,â,ø,è,é, ,è,ã,ð,î,ê, ,"""",Á,à,ð,ñ,å,ë,î,í,û,"""", ,Õ,à,â,è, ,ï,ð,è,ç,í,à,ë,ñ,ÿ,",", ,÷,ò,î, ,â, ,ñ,â,î,å, ,â,ð,å,ì,ÿ, ,ï,î,ë,ó,÷,à,ë, ,ò,ð,à,í,ñ,ô,å,ð,í,î,å, ,ï,ð,å,ä,ë,î,æ,å,í,è,å, ,î,ò, ,"""",Ç,å,í,è,ò,à,"""",., ,"""",Ó, ,ì,å,í,ÿ, ,á,û,ë,î, ,ï,ð,å,ä,ë,î,æ,å,í,è,å, ,î,ò, ,"""",Ç,å,í,è,ò,à,"""",",", ,í,î, ,ÿ, ,í,å, ,õ,î,ò,å,ë, ,â,û,ñ,ò,ó,ï,à,ò,ü, ,í,è, ,â, ,î,ä,í,î,ì, ,ê,ë,ó,á,å, ,Å,â,ð,î,ï,û,",", ,ê,ð,î,ì,å, ,"""",Á,à,ð,ñ,å,ë,î,í,û,"""",., ,Ñ,å,é,÷,à,ñ, ,ÿ, ,è,ã,ð,à,þ, ,â, ,Ê,à,ò,à,ð,å,",", ,è, ,ý,ò,î, ,î,ä,í,î, ,è,ç, ,ë,ó,÷,ø,è,õ, ,ð,å,ø,å,í,è,é, ,â, ,ì,î,å,é, ,æ,è,ç,í,è,., ,Ç,ä,å,ñ,ü, ,ÿ, ,ï,ð,î,ñ,ò,î, ,ï,î,ë,ó,÷,à,þ, ,ó,ä,î,â,î,ë,ü,ñ,ò,â,è,å, ,î,ò, ,ô,ó,ò,á,î,ë,à,"""",",", ,-, ,ã,î,â,î,ð,è,ò, ,Õ,à,â,è,.
Á,û,â,ø,è,é, ,ê,à,ï,è,ò,à,í, ,í,à,ö,è,î,í,à,ë,ü,í,î,é, ,ê,î,ì,à,í,ä,û, ,Ô,ð,à,í,ö,è,è, ,Ç,è,í,å,ä,è,í, ,Ç,è,ä,à,í, ,ï,î,ä,å,ë,è,ë,ñ,ÿ, ,ñ,â,î,è,ì, ,ì,í,å,í,è,å,ì, ,î, ,ñ,á,î,ð,í,î,é, ,Ð,î,ñ,ñ,è,è, ,è, ,å,å, ,á,î,ë,å,ë,ü,ù,è,ê,à,õ,., ,"""",Ð,î,ñ,ñ,è,ÿ, ,–, ,î,ò,ë,è,÷,í,à,ÿ, ,ê,î,ì,à,í,ä,à, ,ñ, ,ñ,å,ð,ü,å,ç,í,û,ì,è, ,ô,ó,ò,á,î,ë,è,ñ,ò,à,ì,è,., ,Æ,ä,ó, ,è,õ, ,ï,ð,è,å,ç,ä,à, ,â,î, ,Ô,ð,à,í,ö,è,þ,., ,Ó, ,ð,î,ñ,ñ,è,é,ñ,ê,î,é, ,ñ,á,î,ð,í,î,é, ,ñ,ó,ì,à,ñ,ø,å,ä,ø,è,å, ,ô,à,í,à,ò,û,",", ,è, ,î,í,à, ,ã,î,ò,î,â,à, ,í,à, ,â,ñ,å, ,ð,à,ä,è, ,í,è,õ,., ,ß, ,ç,í,à,þ,",", ,ê,à,ê, ,î,í,è, ,ì,î,ã,ó,ò, ,ç,à,ï,î,ë,í,ÿ,ò,ü, ,ñ,ò,à,ä,è,î,í,û, ,è, ,ï,î,ä,ä,å,ð,æ,è,â,à,ò,ü, ,è,ã,ð,î,ê,î,â,"""",",", ,-, ,ã,î,â,î,ð,è,ò, ,Ç,è,ä,à,í,., ,Ô,ð,à,í,ö,ó,ç, ,ï,ð,è,ç,í,à,ë,ñ,ÿ,",", ,÷,ò,î, ,å,ì,ó, ,÷,à,ñ,ò,î, ,ï,è,ø,ó,ò, ,è,ç, ,Ð,î,ñ,ñ,è,è,., ,"""",Â,û, ,ç,í,à,å,ò,å,",", ,ÿ, ,÷,à,ñ,ò,î, ,ï,î,ë,ó,÷,à,þ, ,ï,è,ñ,ü,ì,à, ,î,ò, ,á,î,ë,å,ë,ü,ù,è,ê,î,â, ,è,ç, ,Ð,î,ñ,ñ,è,è,",", ,è, ,ý,ò,è,õ, ,ï,è,ñ,å,ì, ,î,÷,å,í,ü, ,ì,í,î,ã,î,., ,Ï,ð,è, ,ý,ò,î,ì, ,ï,î,î,á,ù,à,ò,ü,ñ,ÿ, ,ñ, ,ð,î,ñ,ñ,è,é,ñ,ê,è,ì,è, ,æ,ó,ð,í,à,ë,è,ñ,ò,à,ì,è, ,ó, ,ì,å,í,ÿ, ,â,û,õ,î,ä,è,ò, ,ð,å,ä,ê,î,",", ,è, ,ÿ, ,ð,à,ä,",", ,÷,ò,î, ,ï,î,ä,î,á,í,à,ÿ, ,â,î,ç,ì,î,æ,í,î,ñ,ò,ü, ,ï,ð,å,ä,ñ,ò,à,â,è,ë,à,ñ,ü,., ,Ï,î,ý,ò,î,ì,ó, ,õ,î,÷,ó, ,ï,î,á,ë,à,ã,î,ä,à,ð,è,ò,ü, ,â,ñ,å,õ, ,ñ,â,î,è,õ, ,ð,î,ñ,ñ,è,é,ñ,ê,è,õ, ,á,î,ë,å,ë,ü,ù,è,ê,î,â,"""",.
Í,à,ï,à,ä,à,þ,ù,è,é, ,ñ,á,î,ð,í,î,é, ,Ó,ê,ð,à,è,í,û, ,À,ë,å,ê,ñ,à,í,ä,ð, ,Ã,ë,à,ä,ê,è,é,",", ,ñ,ê,î,ð,å,å, ,â,ñ,å,ã,î,",", ,ï,ð,î,ï,ó,ñ,ò,è,ò, ,ï,å,ð,â,ó,þ, ,ñ,ò,û,ê,î,â,ó,þ, ,â,ñ,ò,ð,å,÷,ó, ,ç,à, ,ï,î,ï,à,ä,à,í,è,å, ,í,à, ,Å,â,ð,î,-,2,0,1,6, ,ï,ð,î,ò,è,â, ,Ñ,ë,î,â,å,í,è,è,., ,Ñ,î,î,á,ù,à,å,ò,ñ,ÿ,",", ,÷,ò,î, ,ô,ó,ò,á,î,ë,è,ñ,ò, ,"""",Ø,à,õ,ò,å,ð,à,"""", ,â,ñ,å, ,å,ù,å, ,í,å, ,î,ï,ð,à,â,è,ë,ñ,ÿ, ,ï,î,ë,í,î,ñ,ò,ü,þ, ,ï,î,ñ,ë,å, ,ï,î,â,ð,å,æ,ä,å,í,è,ÿ, ,ã,î,ë,å,í,î,ñ,ò,î,ï,à,",", ,ê,î,ò,î,ð,î,å, ,î,í, ,ï,î,ë,ó,÷,è,ë, ,â, ,ì,à,ò,÷,å, ,Ë,è,ã,è, ,÷,å,ì,ï,è,î,í,î,â, ,ï,ð,î,ò,è,â, ,"""",Ì,à,ë,ü,ì,å,"""",., ,Í,à, ,â,å,÷,å,ð,í,å,é, ,ò,ð,å,í,è,ð,î,â,ê,å, ,ñ,á,î,ð,í,î,é, ,Ó,ê,ð,à,è,í,û, ,Ã,ë,à,ä,ê,è,é, ,î,ò,ñ,ó,ò,ñ,ò,â,î,â,à,ë,., ,Ð,à,í,å,å, ,ñ,ò,à,ë,î, ,è,ç,â,å,ñ,ò,í,î,",", ,÷,ò,î, ,ñ,î, ,ñ,ë,î,â,å,í,ö,à,ì,è, ,ò,î,÷,í,î, ,í,å, ,ñ,û,ã,ð,à,å,ò, ,Ð,ó,ñ,ë,à,í, ,Ð,î,ò,à,í,ü,., ,Ï,å,ð,â,û,é, ,ì,à,ò,÷, ,ì,å,æ,ä,ó, ,ñ,á,î,ð,í,û,ì,è, ,Ó,ê,ð,à,è,í,û, ,è, ,Ñ,ë,î,â,å,í,è,è, ,ñ,î,ñ,ò,î,è,ò,ñ,ÿ, ,â, ,ñ,ó,á,á,î,ò,ó, ,1,4, ,í,î,ÿ,á,ð,ÿ, ,â,î, ,Ë,ü,â,î,â,å,.
Ç,à,ù,è,ò,í,è,ê, ,"""",Ì,à,í,÷,å,ñ,ò,å,ð, ,Þ,í,à,é,ò,å,ä,"""", ,Ô,è,ë, ,Ä,æ,î,í,ñ, ,ï,î,ä,å,ë,è,ë,ñ,ÿ, ,â,î,ñ,ï,î,ì,è,í,à,í,è,ÿ,ì,è, ,î, ,ñ,â,î,å,ì, ,á,û,â,ø,å,ì, ,î,ä,í,î,ê,ë,ó,á,í,è,ê,å, ,Ð,è,î, ,Ô,å,ð,ä,è,í,à,í,ä,å,., ,"""",Á,û,ë,î, ,ï,ð,î,ñ,ò,î, ,ç,à,ì,å,÷,à,ò,å,ë,ü,í,î, ,â,û,ñ,ò,ó,ï,à,ò,ü, ,í,à, ,î,ä,í,î,é, ,ï,î,ç,è,ö,è,è,è, ,ñ, ,í,è,ì,., ,Ó, ,í,å,ã,î, ,å,ñ,ò,ü, ,î,ä,í,à, ,÷,å,ð,ò,à,",", ,ê,î,ò,î,ð,ó,þ, ,ÿ, ,ï,î,ì,í,þ, ,ë,ó,÷,ø,å, ,â,ñ,å,ã,î,:, ,î,í, ,í,è,ê,î,ã,ä,à, ,í,å, ,ç,à,ò,û,ê,à,ë,ñ,ÿ,., ,Ä,ë,ÿ, ,ì,î,ë,î,ä,î,ã,î, ,è,ã,ð,î,ê,à,",", ,ê,î,ò,î,ð,û,é, ,ò,î,ë,ü,ê,î, ,î,á,ó,÷,à,å,ò,ñ,ÿ, ,â,ñ,å,ì, ,í,þ,à,í,ñ,à,ì, ,è,ã,ð,û, ,í,à, ,â,û,ñ,ø,å,ì, ,ó,ð,î,â,í,å,",", ,í,å,â,î,ç,ì,î,æ,í,î, ,ï,ð,è,ä,ó,ì,à,ò,ü, ,ë,ó,÷,ø,å,ã,î, ,ñ,î,â,å,ò,í,è,ê,à,",", ,÷,å,ì, ,Ð,è,î,., ,Î,í, ,â,ñ,å,ã,ä,à, ,ð,à,ñ,ñ,ê,à,æ,å,ò,",", ,ê,à,ê, ,è, ,ã,ä,å, ,ò,û, ,ä,î,ë,æ,å,í, ,è,ã,ð,à,ò,ü,",", ,÷,ò,î,á,û, ,ï,ð,è,í,å,ñ,ò,è, ,ê,î,ì,à,í,ä,å, ,ì,à,ê,ñ,è,ì,ó,ì, ,ï,î,ë,ü,ç,û,"""",",", ,-, ,ã,î,â,î,ð,è,ò, ,Ä,æ,î,í,ñ,.
Â,ð,à,ò,à,ð,ü, ,"""",Ð,î,ì,û,"""", ,Â,î,é,ö,å,õ, ,Ù,å,ñ,í,û, ,ð,à,ñ,ñ,ê,à,ç,à,ë, ,î, ,ñ,â,î,è,õ, ,ï,ë,à,í,à,õ, ,í,à, ,á,ó,ä,ó,ù,å,å,., ,Í,à,ï,î,ì,í,è,ì,",", ,ï,ð,à,â,à, ,í,à, ,ô,ó,ò,á,î,ë,è,ñ,ò,à, ,ï,ð,è,í,à,ä,ë,å,æ,à,ò, ,"""",À,ð,ñ,å,í,à,ë,ó,"""",., ,"""",Ð,å,ø,å,í,è,å, ,í,à,ñ,÷,å,ò, ,ñ,â,î,å,ã,î, ,á,ó,ä,ó,ù,å,ã,î, ,ÿ, ,ï,ð,è,ì,ó, ,ï,î,ñ,ë,å, ,÷,å,ì,ï,è,î,í,à,ò,à, ,Å,â,ð,î,ï,û,., ,"""",À,ð,ñ,å,í,à,ë,"""", ,ì,í,å, ,í,ð,à,â,è,ò,ñ,ÿ,",", ,í,î, ,â, ,"""",Ð,î,ì,å,"""", ,ÿ, ,ï,î,ë,í,î,ñ,ò,ü,þ, ,â,ñ,å,ì, ,ä,î,â,î,ë,å,í,., ,Ç,ä,å,ñ,ü, ,â,î, ,ì,í,å, ,ó,â,å,ð,å,í, ,ò,ð,å,í,å,ð,",", ,ì,å,í,ÿ, ,ï,î,ä,ä,å,ð,æ,è,â,à,þ,ò, ,ï,à,ð,ò,í,å,ð,û, ,è, ,á,î,ë,å,ë,ü,ù,è,ê,è,., ,Ï,å,ð,å,õ,î,ä, ,â, ,"""",Ð,î,ì,ó,"""", ,á,û,ë, ,ï,ð,à,â,è,ë,ü,í,û,ì, ,â,û,á,î,ð,î,ì,:, ,ë,ó,÷,ø,å, ,á,û,ò,ü, ,ë,è,ä,å,ð,î,ì, ,â, ,Ñ,å,ð,è,è, ,À,",", ,÷,å,ì, ,ç,à,ï,à,ñ,í,û,ì, ,â, ,À,Ï,Ë,"""",",", ,–, ,ã,î,â,î,ð,è,ò, ,Ù,å,ñ,í,û,.
Á,û,â,ø,è,é, ,í,à,ï,à,ä,à,þ,ù,è,é, ,"""",Ä,è,í,à,ì,î,"""", ,À,í,ä,ð,å,é, ,Â,î,ð,î,í,è,í, ,ð,à,ñ,ñ,ê,à,ç,à,ë,",", ,÷,ò,î, ,â, ,ñ,â,î,å, ,â,ð,å,ì,ÿ, ,ñ,î,â,å,ò,î,â,à,ë, ,À,ë,å,ê,ñ,à,í,ä,ð,ó, ,Ê,î,ê,î,ð,è,í,ó, ,è, ,Ô,å,ä,î,ð,ó, ,Ñ,ì,î,ë,î,â,ó, ,ï,î,ï,ð,î,á,î,â,à,ò,ü, ,ñ,â,î,è, ,ñ,è,ë,û, ,ç,à, ,ï,ð,å,ä,å,ë,à,ì,è, ,Ð,î,ñ,ñ,è,è,., ,"""",ß, ,í,å, ,ò,î,ë,ü,ê,î, ,Ê,î,ê,î,ð,è,í,ó,",", ,í,î, ,è, ,Ñ,ì,î,ë,î,â,ó, ,ñ,î,â,å,ò,î,â,à,ë, ,ó,å,õ,à,ò,ü, ,ç,à, ,ð,ó,á,å,æ,., ,Ó, ,í,è,õ, ,â,ñ,å, ,õ,î,ð,î,ø,î,",", ,î,í,è, ,è,ã,ð,à,þ,ò, ,â, ,Ð,î,ñ,ñ,è,è,., ,Í,î, ,â,ñ,å, ,ñ,î,â,å,ð,ø,å,í,í,î, ,ï,î,-,ä,ð,ó,ã,î,ì,ó, ,â,û,ã,ë,ÿ,ä,è,ò,",", ,ê,î,ã,ä,à, ,â,û,ñ,ò,ó,ï,à,å,ø,ü, ,ç,à, ,ð,ó,á,å,æ,î,ì,., ,Ó,ð,î,â,å,í,ü,",", ,à,ò,ì,î,ñ,ô,å,ð,à,"""",",", ,-, ,ã,î,â,î,ð,è,ò, ,Â,î,ð,î,í,è,í,.
"""",Ñ,à,ì,ï,ä,î,ð,è,ÿ,"""", ,ð,à,ñ,ñ,ì,à,ò,ð,è,â,à,å,ò, ,â,î,ç,ì,î,æ,í,î,ñ,ò,ü, ,ï,ð,è,ã,ë,à,ø,å,í,è,ÿ, ,í,à, ,ï,î,ñ,ò, ,ã,ë,à,â,í,î,ã,î, ,ò,ð,å,í,å,ð,à, ,á,û,â,ø,å,ã,î, ,í,à,ñ,ò,à,â,í,è,ê,à, ,"""",Ì,à,ð,ñ,å,ë,ÿ,"""", ,Ì,à,ð,ñ,å,ë,î, ,Á,ü,å,ë,ñ,û,., ,Ñ,î,î,á,ù,à,å,ò,ñ,ÿ,",", ,÷,ò,î, ,í,à, ,ý,ò,ó, ,ä,î,ë,æ,í,î,ñ,ò,ü, ,ò,à,ê,æ,å, ,ï,ð,å,ò,å,í,ä,ó,þ,ò, ,Â,è,í,÷,å,í,ö,î, ,Ì,î,í,ò,å,ë,ë,à,",", ,Ë,ó,è,ä,æ,è, ,Ä,å,ë,ü, ,Í,å,ð,è, ,è, ,Ô,ð,à,í,÷,å,ñ,ê,î, ,Ã,â,è,ä,î,ë,è,í,., ,Ï,ð,å,ä,û,ä,ó,ù,è,é, ,í,à,ñ,ò,à,â,í,è,ê, ,"""",Ñ,à,ì,ï,ä,î,ð,è,è,"""", ,Â,à,ë,ü,ò,å,ð, ,Ä,ç,å,í,ã,à, ,á,û,ë, ,î,ò,ï,ð,à,â,ë,å,í, ,â, ,î,ò,ñ,ò,à,â,ê,ó,.
Â, ,ï,å,ð,â,î,ì, ,ñ,ò,û,ê,î,â,î,ì, ,ì,à,ò,÷,å, ,ç,à, ,â,û,õ,î,ä, ,í,à, ,Å,â,ð,î,-,2,0,1,6, ,ñ,á,î,ð,í,à,ÿ, ,Â,å,í,ã,ð,è,è, ,á,ë,à,ã,î,ä,à,ð,ÿ, ,ã,î,ë,ó, ,Ê,ë,ÿ,é,í,õ,à,é,ç,ë,å,ð,à, ,î,á,û,ã,ð,à,ë,à, ,Í,î,ð,â,å,ã,è,þ, ,–, ,1,:,0,., ,Ý,ò,î,ò, ,ì,ÿ,÷, ,ì,û, ,ï,ð,å,ä,ë,à,ã,à,å,ì, ,â,à,ø,å,ì,ó, ,â,í,è,ì,à,í,è,þ,., ,0,:,1, ,–, ,Ê,ë,ÿ,é,í,õ,à,é,ç,ë,å,ð,",", ,2,6,.
Â, ,ï,å,ð,â,î,ì, ,ñ,ò,û,ê,î,â,î,ì, ,ì,à,ò,÷,å, ,ç,à, ,â,û,õ,î,ä, ,í,à, ,÷,å,ì,ï,è,î,í,à,ò, ,Å,â,ð,î,ï,û, ,2,0,1,6, ,ã,î,ä,à, ,ñ,á,î,ð,í,à,ÿ, ,Í,î,ð,â,å,ã,è,è, ,ó,ñ,ò,ó,ï,è,ë,à, ,ê,î,ì,à,í,ä,å, ,Â,å,í,ã,ð,è,è, ,ñ,î, ,ñ,÷,å,ò,î,ì, ,0,:,1,., ,À,â,ò,î,ð,î,ì, ,ã,î,ë,à, ,ñ,ò,à,ë, ,Ê,ë,ÿ,é,í,õ,à,é,ç,ë,å,ð,., ,Î,ò,â,å,ò,í,à,ÿ, ,â,ñ,ò,ð,å,÷,à, ,ñ,î,ñ,ò,î,è,ò,ñ,ÿ, ,â, ,â,î,ñ,ê,ð,å,ñ,å,í,ü,å, ,1,5, ,í,î,ÿ,á,ð,ÿ,., ,×,å,ì,ï,è,î,í,à,ò, ,Å,â,ð,î,ï,û,., ,Ñ,ò,û,ê,î,â,û,å, ,è,ã,ð,û,., ,Ï,å,ð,â,û,é, ,ì,à,ò,÷, ,Í,î,ð,â,å,ã,è,ÿ, ,–, ,Â,å,í,ã,ð,è,ÿ, ,–, ,0,:,1, ,(,0,:,1,), ,Ò,å,ê,ñ,ò,î,â,û,é, ,î,í,ë,à,é,í, ,ì,à,ò,÷,à, ,Ã,î,ë,û,:, ,0,:,1, ,–, ,Ê,ë,ÿ,é,í,õ,à,é,ç,ë,å,ð,",", ,2,6,., ,Ê,à,ë,å,í,ä,à,ð,ü, ,î,ò,á,î,ð,î,÷,í,û,õ, ,ì,à,ò,÷,å,é, ,í,à, ,Å,â,ð,î,-,2,0,1,6
Í,à,ï,à,ä,à,þ,ù,è,é, ,"""",Þ,â,å,í,ò,ó,ñ,à,"""", ,À,ë,ü,â,à,ð,î, ,Ì,î,ð,à,ò,à, ,ñ,÷,è,ò,à,å,ò,",", ,÷,ò,î, ,"""",Ç,î,ë,î,ò,î,ã,î, ,ì,ÿ,÷,à,"""", ,ä,î,ñ,ò,î,è,í, ,Ê,ð,è,ø,ò,è,à,í,ó, ,Ð,î,í,à,ë,ä,ó,., ,"""",Ç,î,ë,î,ò,î,é, ,ì,ÿ,÷,"""", ,ÿ, ,î,ò,ä,à,ë, ,á,û, ,Ð,î,í,à,ë,ä,ó,",", ,ï,î,ò,î,ì,ó, ,÷,ò,î, ,ç,í,à,þ,",", ,ê,à,ê, ,î,í, ,ò,ð,ó,ä,è,ò,ñ,ÿ,., ,Ö,å,ë,ü, ,å,ã,î, ,ð,à,á,î,ò,û, ,–, ,á,û,ò,ü, ,ë,ó,÷,ø,è,ì, ,â, ,ì,è,ð,å,., ,Í,å, ,ñ,î,ì,í,å,â,à,þ,ñ,ü,",", ,÷,ò,î, ,î,í, ,è, ,ä,à,ë,ü,ø,å, ,á,ó,ä,å,ò, ,ç,à,á,è,â,à,ò,ü,"""",",", ,–, ,ã,î,â,î,ð,è,ò, ,Ì,î,ð,à,ò,à,.
Ã,ë,à,â,í,û,é, ,ò,ð,å,í,å,ð, ,Ö,Ñ,Ê,À, ,è, ,ñ,á,î,ð,í,î,é, ,Ð,î,ñ,ñ,è,è, ,Ë,å,î,í,è,ä, ,Ñ,ë,ó,ö,ê,è,é, ,ð,à,ñ,ñ,ê,à,ç,à,ë, ,î, ,ñ,â,î,è,õ, ,ï,ð,è,í,ö,è,ï,à,õ, ,ð,à,á,î,ò,û, ,ñ, ,è,ã,ð,î,ê,à,ì,è,., ,"""",Í,è,ê,î,ã,ä,à, ,í,å, ,ñ,ï,ð,à,ø,è,â,à,ë, ,ó, ,ô,ó,ò,á,î,ë,è,ñ,ò,î,â,:, ,"""",À, ,â,î,ò, ,ê,î,ã,î, ,ñ,ò,à,â,è,ò,ü,?,“,",", ,"""",À, ,â,î,ò, ,ñ, ,ê,å,ì, ,ò,å,á,å, ,á,û,ë,î, ,á,û, ,ê,î,ì,ô,î,ð,ò,í,å,å, ,è,ã,ð,à,ò,ü,?,“,",", ,"""",À, ,â,î,ò, ,ê,à,ê,î,é, ,â,à,ð,è,à,í,ò, ,ò,à,ê,ò,è,ê,è, ,â,û,á,ð,à,ò,ü,?,“,., ,Ï,î,ò,î,ì,ó, ,÷,ò,î, ,ÿ, ,ï,î,í,è,ì,à,þ,",", ,÷,ò,î, ,ô,ó,ò,á,î,ë,è,ñ,ò,û, ,—, ,ñ,à,ì,û,å, ,í,å,î,á,ú,å,ê,ò,è,â,í,û,å, ,ë,þ,ä,è, ,â, ,ì,è,ð,å,., ,Å,ñ,ë,è, ,ñ,ï,ð,î,ñ,è,ø,ü, ,ó, ,â,ð,à,ò,à,ð,ÿ,",", ,ò,î, ,î,í, ,ñ,ê,à,æ,å,ò, ,â,î,ñ,å,ì,ü, ,ç,à,ù,è,ò,í,è,ê,î,â, ,ï,î,ñ,ò,à,â,è,ò,ü,., ,Å,ñ,ë,è, ,ó, ,í,à,ï,à,ä,à,þ,ù,å,ã,î,",", ,ò,î, ,î,í, ,ñ,ê,à,æ,å,ò,",", ,÷,ò,î, ,å,ù,å, ,ò,ð,å,õ, ,ô,î,ð,â,à,ð,ä,î,â,., ,Ì,î,ã,ó, ,î,ï,ð,å,ä,å,ë,ÿ,ò,ü,",", ,÷,ò,î, ,ê,î,ã,î,-,ò,î, ,í,à,ä,î, ,ì,î,ò,è,â,è,ð,î,â,à,ò,ü, ,î,ò,ñ,ó,ò,ñ,ò,â,è,å,ì, ,â,í,è,ì,à,í,è,ÿ,",", ,è,ã,í,î,ð,è,ð,î,â,à,í,è,å,ì,",", ,ä,à,æ,å, ,ê,à,ê,è,ì,-,ò,î,",", ,ì,î,æ,å,ò, ,á,û,ò,ü,",", ,â,û,ñ,î,ê,î,ì,å,ð,è,å,ì,-,í,å,ä,î,â,å,ð,è,å,ì,., ,Ô,ó,ò,á,î,ë,è,ñ,ò,û, ,ý,ò,î, ,â,î,î,á,ù,å, ,í,å, ,ì,î,ã,ó,ò, ,î,ö,å,í,è,ò,ü,., ,Î,í,è, ,ñ,÷,è,ò,à,þ,ò,:, ,„,Ç,ä,å,ñ,ü, ,ë,þ,á,è,ì,÷,è,ê,",", ,ç,ä,å,ñ,ü, ,í,å,ë,þ,á,è,ì,÷,è,ê,“,., ,Ä,ç,þ,á,à, ,í,à,÷,è,í,à,å,ò, ,î,ð,à,ò,ü,",", ,÷,ò,î, ,ó, ,í,à,ñ, ,ð,à,ç,ä,å,ë,å,í,è,å, ,è, ,â,ñ,å, ,î,ñ,ò,à,ë,ü,í,î,å,., ,Í,î, ,í,à, ,ñ,à,ì,î,ì, ,ä,å,ë,å, ,ý,ò,î, ,â,ñ,å, ,î,ñ,î,ç,í,à,í,í,û,å, ,â,å,ù,è, ,è,ì,å,í,í,î, ,ñ, ,ö,å,ë,ü,þ, ,ì,à,ê,ñ,è,ì,à,ë,ü,í,î, ,ý,ô,ô,å,ê,ò,è,â,í,î,ã,î, ,è,ñ,ï,î,ë,ü,ç,î,â,à,í,è,ÿ, ,ð,å,ñ,ó,ð,ñ,à, ,÷,å,ë,î,â,å,ê,à, ,â, ,è,ã,ð,å,"""", ,—, ,ã,î,â,î,ð,è,ò, ,Ñ,ë,ó,ö,ê,è,é,.
Ã,ë,à,â,í,û,é, ,ò,ð,å,í,å,ð, ,"""",Ë,î,ê,î,ì,î,ò,è,â,à,"""", ,È,ã,î,ð,ü, ,×,å,ð,å,â,÷,å,í,ê,î, ,ï,ð,î,ê,î,ì,ì,å,í,ò,è,ð,î,â,à,ë, ,è,ã,ð,ó, ,ï,î,ë,ó,ç,à,ù,è,ò,í,è,ê,à, ,ì,î,ñ,ê,î,â,ñ,ê,î,ã,î, ,ê,ë,ó,á,à, ,À,ë,å,ê,ñ,å,ÿ, ,Ì,è,ð,à,í,÷,ó,ê,à,., ,"""",Ê,î,í,å,÷,í,î,",", ,î,í, ,è,ã,ð,î,ê, ,î,÷,å,í,ü, ,ñ,è,ë,ü,í,û,é,., ,Ä,ó,ì,à,þ,",", ,í,à, ,÷,å,ì,ï,è,î,í,à,ò,å, ,ì,è,ð,à, ,2,0,1,8, ,ã,î,ä,à, ,î,í, ,ò,î,÷,í,î, ,á,ó,ä,å,ò,",", ,è, ,õ,î,ò,å,ë,î,ñ,ü, ,á,û, ,å,ã,î, ,ó,â,è,ä,å,ò,ü, ,í,à, ,÷,å,ì,ï,è,î,í,à,ò,å, ,Å,â,ð,î,ï,û,",", ,â, ,ô,è,í,à,ë,ü,í,î,é, ,ñ,ò,à,ä,è,è,., ,Ä,ó,ì,à,þ,",", ,÷,ò,î, ,ï,î, ,ï,î,ò,å,í,ö,è,à,ë,ó, ,î,í, ,ó,æ,å, ,ã,î,ò,î,â, ,â,û,ñ,ò,ó,ï,à,ò,ü, ,ç,à, ,ï,å,ð,â,ó,þ, ,ê,î,ì,à,í,ä,ó,"""",",", ,–, ,ï,î,ä,å,ë,è,ë,ñ,ÿ, ,ñ,â,î,è,ì, ,ì,í,å,í,è,å,ì, ,×,å,ð,å,â,÷,å,í,ê,î,.
Ã,ë,à,â,í,û,é, ,ò,ð,å,í,å,ð, ,"""",Ð,å,à,ë,à, ,Ê,à,ñ,ò,è,ë,ü,è,"""", ,Ç,è,í,å,ä,è,í, ,Ç,è,ä,à,í, ,ï,ð,î,ê,î,ì,ì,å,í,ò,è,ð,î,â,à,ë, ,î,ò,ñ,ó,ò,ñ,ò,â,è,å, ,è,ã,ð,î,â,î,é, ,ï,ð,à,ê,ò,è,ê,è, ,ó, ,ï,î,ë,ó,ç,à,ù,è,ò,í,è,ê,à, ,ã,ë,à,â,í,î,é, ,ê,î,ì,à,í,ä,û, ,ì,à,ä,ð,è,ä,ö,å,â, ,Ä,å,í,è,ñ,à, ,×,å,ð,û,ø,å,â,à,., ,"""",Ê, ,ñ,î,æ,à,ë,å,í,è,þ,",", ,ñ,å,é,÷,à,ñ, ,Ä,å,í,è,ñ, ,ð,å,ä,ê,î, ,â,û,õ,î,ä,è,ò, ,í,à, ,ï,î,ë,å, ,â, ,ñ,î,ñ,ò,à,â,å, ,"""",Ð,å,à,ë,à,"""",., ,Î,ä,í,à,ê,î, ,î,í, ,ÿ,â,ë,ÿ,å,ò,ñ,ÿ, ,î,ä,í,è,ì, ,è,ç, ,ò,å,õ,",", ,â, ,ê,î,ã,î, ,ì,û, ,â,å,ð,è,ì,"""",",", ,–, ,ã,î,â,î,ð,è,ò, ,Ç,è,ä,à,í,., ,Â, ,í,û,í,å,ø,í,å,ì, ,ñ,å,ç,î,í,å, ,×,å,ð,û,ø,å,â, ,ñ,û,ã,ð,à,ë, ,ç,à, ,"""",Ð,å,à,ë,"""", ,÷,å,ò,û,ð,å, ,ì,à,ò,÷,à,:, ,ï,î, ,ä,â,à, ,â, ,Ï,ð,è,ì,å,ð,å, ,è, ,Ë,è,ã,å, ,÷,å,ì,ï,è,î,í,î,â,.
Ï,î,ë,ó,ç,à,ù,è,ò,í,è,ê, ,"""",Ñ,ï,à,ð,ò,à,ê,à,"""", ,è, ,ñ,á,î,ð,í,î,é, ,Ð,î,ñ,ñ,è,è, ,Ä,å,í,è,ñ, ,Ã,ë,ó,ø,à,ê,î,â, ,ï,î,ä,å,ë,è,ë,ñ,ÿ, ,ñ,â,î,è,ì, ,ì,í,å,í,è,å,ì, ,î, ,í,à,ö,è,î,í,à,ë,ü,í,û,õ, ,ê,î,ì,à,í,ä,à,õ, ,Ï,î,ð,ò,ó,ã,à,ë,è,è, ,è, ,Õ,î,ð,â,à,ò,è,è, ,â, ,ï,ð,å,ä,ä,â,å,ð,è,è, ,ò,î,â,à,ð,è,ù,å,ñ,ê,è,õ, ,ì,à,ò,÷,å,é,., ,"""",Ñ,á,î,ð,í,û,å, ,Ï,î,ð,ò,ó,ã,à,ë,è,è, ,è, ,Õ,î,ð,â,à,ò,è,è, ,–, ,ò,î,ï,-,ñ,á,î,ð,í,û,å,",", ,ñ, ,ê,î,ò,î,ð,û,ì,è, ,á,ó,ä,å,ò, ,î,÷,å,í,ü, ,è,í,ò,å,ð,å,ñ,í,î, ,è,ã,ð,à,ò,ü, ,è, ,ï,ð,î,â,å,ð,è,ò,ü, ,ñ,â,î,è, ,ñ,è,ë,û,., ,Ò,å,ì, ,á,î,ë,å,å, ,â, ,Ê,ð,à,ñ,í,î,ä,à,ð,å, ,è, ,Ð,î,ñ,ò,î,â,å,-,í,à,-,Ä,î,í,ó, ,í,å, ,â,ñ,å,ã,ä,à, ,ó,ä,à,å,ò,ñ,ÿ, ,ñ,û,ã,ð,à,ò,ü, ,ò,à,ê,è,å, ,ì,à,ò,÷,è,",", ,è, ,ä,ë,ÿ, ,ï,î,ï,ó,ë,ÿ,ð,è,ç,à,ö,è,è, ,ô,ó,ò,á,î,ë,à, ,â, ,ï,ð,å,ä,ä,â,å,ð,è,è, ,÷,å,ì,ï,è,î,í,à,ò,à, ,ì,è,ð,à, ,Ð,Ô,Ñ, ,ñ,ä,å,ë,à,ë, ,õ,î,ð,î,ø,å,å, ,ä,å,ë,î,"""",",", ,–, ,ã,î,â,î,ð,è,ò, ,Ã,ë,ó,ø,à,ê,î,â,., ,Ò,à,ê,æ,å, ,ô,ó,ò,á,î,ë,è,ñ,ò, ,ï,ð,î,ê,î,ì,ì,å,í,ò,è,ð,î,â,à,ë, ,ò,î, ,î,á,ñ,ò,î,ÿ,ò,å,ë,ü,ñ,ò,â,î,",", ,÷,ò,î, ,ç,à, ,ï,î,ð,ò,ó,ã,à,ë,ü,ö,å,â, ,í,å, ,á,ó,ä,å,ò, ,è,ã,ð,à,ò,ü, ,Ê,ð,è,ø,ò,è,à,í,ó, ,Ð,î,í,à,ë,ä,ó,., ,"""",À, ,ò,à,ì, ,ï,î,ì,è,ì,î, ,í,å,ã,î, ,î,÷,å,í,ü, ,ì,í,î,ã,î, ,ô,ó,ò,á,î,ë,è,ñ,ò,î,â, ,ò,î,ï,-,ç,â,å,ç,ä,"""",., ,Í,à,ï,î,ì,í,è,ì,",", ,ñ,á,î,ð,í,à,ÿ, ,Ð,î,ñ,ñ,è,è, ,ñ,û,ã,ð,à,å,ò, ,ñ, ,Ï,î,ð,ò,ó,ã,à,ë,è,å,é, ,â, ,Ê,ð,à,ñ,í,î,ä,à,ð,å, ,1,4, ,í,î,ÿ,á,ð,ÿ,",", ,à, ,ñ, ,Õ,î,ð,â,à,ò,è,å,é, ,â, ,Ð,î,ñ,ò,î,â,å,-,í,à,-,Ä,î,í,ó, ,–, ,1,7,í,î,ÿ,á,ð,ÿ,.
Ï,î,ë,ó,ç,à,ù,è,ò,í,è,ê, ,"""",À,ë,ü,-,Ñ,à,ä,ä,à,"""", ,è, ,á,û,â,ø,è,é, ,è,ã,ð,î,ê, ,"""",Á,à,ð,ñ,å,ë,î,í,û,"""", ,Õ,à,â,è, ,ï,î,ä,å,ë,è,ë,ñ,ÿ, ,ñ,â,î,è,ì, ,ì,í,å,í,è,å,ì, ,î, ,ô,à,â,î,ð,è,ò,à,õ, ,÷,å,ì,ï,è,î,í,à,ò,à, ,Å,â,ð,î,ï,û, ,2,0,1,6, ,ã,î,ä,à,., ,"""",ß, ,ñ,÷,è,ò,à,þ, ,ô,à,â,î,ð,è,ò,à,ì,è, ,ò,ð,è, ,ê,î,ì,à,í,ä,û,., ,Ò,ó,ð,í,è,ð, ,ì,î,ã,ó,ò, ,â,û,è,ã,ð,à,ò,ü, ,ñ,á,î,ð,í,û,å, ,È,ñ,ï,à,í,è,è,",", ,Ô,ð,à,í,ö,è,è, ,è, ,Ã,å,ð,ì,à,í,è,è,., ,Ï,î, ,ì,î,å,ì,ó, ,ì,í,å,í,è,þ,",", ,ý,ò,î, ,ã,ë,à,â,í,û,å, ,ï,ð,å,ò,å,í,ä,å,í,ò,û, ,í,à, ,ï,î,á,å,ä,ó,"""",",", ,-, ,ã,î,â,î,ð,è,ò, ,Õ,à,â,è,.
Ä,î,ë,ã,è, ,Ð,Ô,Ñ, ,ñ,î,ê,ð,à,ò,è,ë,è,ñ,ü, ,ï,î,÷,ò,è, ,í,à, ,î,ä,è,í, ,ì,è,ë,ë,è,à,ð,ä, ,ð,ó,á,ë,å,é, ,ñ, ,ò,î,ã,î, ,ì,î,ì,å,í,ò,à,",", ,ê,à,ê, ,ï,ð,å,ç,è,ä,å,í,ò,î,ì, ,î,ð,ã,à,í,è,ç,à,ö,è,è, ,ñ,ò,à,ë, ,Â,è,ò,à,ë,è,é, ,Ì,ó,ò,ê,î,., ,Î,á, ,ý,ò,î,ì, ,ð,à,ñ,ñ,ê,à,ç,à,ë, ,ñ,à,ì, ,÷,è,í,î,â,í,è,ê,., ,"""",Ê, ,ì,î,ì,å,í,ò,ó, ,ì,î,å,ã,î, ,ï,ð,è,õ,î,ä,à, ,ç,à,ä,î,ë,æ,å,í,í,î,ñ,ò,ü, ,á,û,ë,à, ,î,ê,î,ë,î, ,ä,â,ó,õ, ,ì,è,ë,ë,è,à,ð,ä,î,â, ,ð,ó,á,ë,å,é,",", ,ñ,å,é,÷,à,ñ, ,ì,û, ,ï,î,÷,ò,è, ,î,ä,è,í, ,ì,è,ë,ë,è,à,ð,ä, ,ë,è,ê,â,è,ä,è,ð,î,â,à,ë,è,",", ,ï,î,÷,ò,è, ,â,î,ñ,å,ì,ü,ñ,î,ò, ,ì,è,ë,ë,è,î,í,î,â, ,â,û,ï,ë,à,ò,è,ì, ,ê, ,ê,î,í,ö,ó, ,ã,î,ä,à,., ,Â, ,ÿ,í,â,à,ð,å, ,ì,û, ,ï,ð,î,â,å,ä,å,ì, ,ê,î,í,ô,å,ð,å,í,ö,è,þ,",", ,í,à, ,ê,î,ò,î,ð,î,é, ,â,í,å,ñ,å,ì, ,è,ç,ì,å,í,å,í,è,ÿ, ,â, ,ñ,ò,ð,à,ò,å,ã,è,þ, ,ð,à,ç,â,è,ò,è,ÿ, ,ô,ó,ò,á,î,ë,à,",", ,÷,ò,î,á,û, ,ó,á,ð,à,ò,ü, ,î,ò,ò,ó,ä,à, ,â,ñ,å, ,í,à,ä,ó,ì,à,í,í,î,å, ,è, ,ñ,ä,å,ë,à,ò,ü, ,å,å, ,ê,î,í,ê,ð,å,ò,í,å,å,"""",",", ,–, ,ö,è,ò,è,ð,ó,å,ò, ,Ì,ó,ò,ê,î, ,"""",È,í,ò,å,ð,ô,à,ê,ñ,"""",.
Â,ð,à,ò,à,ð,ü, ,ì,î,ë,î,ä,å,æ,í,î,é, ,ñ,á,î,ð,í,î,é, ,Ð,î,ñ,ñ,è,è, ,À,í,ò,î,í, ,Ì,è,ò,ð,þ,ø,ê,è,í, ,ï,ð,î,ê,î,ì,ì,å,í,ò,è,ð,î,â,à,ë, ,ï,î,á,å,ä,ó, ,â, ,ì,à,ò,÷,å, ,î,ò,á,î,ð,î,÷,í,î,ã,î, ,ò,ó,ð,í,è,ð,à, ,í,à, ,Å,â,ð,î,-,2,0,1,7, ,ï,ð,î,ò,è,â, ,Ô,à,ð,å,ð,ñ,ê,è,õ, ,î,ñ,ò,ð,î,â,î,â, ,(,2,:,0,),., ,"""",È,ã,ð,à, ,í,à,ø,å,é, ,ê,î,ì,à,í,ä,û, ,ì,í,å, ,í,å, ,ï,î,í,ð,à,â,è,ë,à,ñ,ü,., ,Í,à,ä,î, ,ë,ó,÷,ø,å, ,ð,å,à,ë,è,ç,î,â,û,â,à,ò,ü, ,ã,î,ë,å,â,û,å, ,ì,î,ì,å,í,ò,û,., ,Â, ,ï,å,ð,â,î,ì, ,ò,à,é,ì,å, ,á,û,ë,è, ,ï,ð,î,á,ë,å,ì,û, ,ñ, ,â,û,õ,î,ä,î,ì, ,è,ç, ,î,á,î,ð,î,í,û,",", ,í,î, ,ï,î,ñ,ë,å, ,î,ò,ä,û,õ,à, ,ì,û, ,ï,ð,è,á,à,â,è,ë,è, ,â, ,ý,ò,î,ì, ,ê,î,ì,ï,î,í,å,í,ò,å,., ,Ï,î,ì,î,ã,ë,î, ,ò,î,",", ,÷,ò,î, ,â, ,ï,å,ð,å,ð,û,â,å, ,Ä,ì,è,ò,ð,è,é, ,Õ,î,ì,ó,õ,à, ,í,à,ñ, ,â,ç,á,î,ä,ð,è,ë,"""",",", ,-, ,ð,à,ñ,ñ,ê,à,ç,à,ë, ,Ì,è,ò,ð,þ,ø,ê,è,í,.
Ã,å,í,å,ð,à,ë,ü,í,û,é, ,ï,ð,î,ä,þ,ñ,å,ð, ,"""",Ì,à,ò,÷, ,Ò,Â,"""", ,Ò,è,í,à, ,Ê,à,í,ä,å,ë,à,ê,è, ,â, ,î,ò,â,å,ò, ,í,à, ,ê,ð,è,ò,è,ê,ó, ,ï,î,ä,å,ë,è,ë,à,ñ,ü, ,ñ,â,î,è,ì, ,ì,í,å,í,è,å,ì, ,î,ò,í,î,ñ,è,ò,å,ë,ü,í,î, ,ï,å,ð,â,û,õ, ,ä,í,å,é, ,ð,à,á,î,ò,û, ,ê,à,í,à,ë,à,., ,t,e,x,t, ,A, ,p,h,o,t,o, ,p,o,s,t,e,d, ,b,y, ,Ò,è,í,à, ,Ê,à,í,ä,å,ë,à,ê,è, ,(,@,t,i,n,a,_,k,a,n,d,e,l,a,k,i,), ,o,n, ,N,o,v, ,1,2,",", ,2,0,1,5, ,a,t, ,1,1,:,0,0,a,m, ,P,S,T
Ã,ë,à,â,í,û,é, ,ò,ð,å,í,å,ð, ,ì,î,ë,î,ä,å,æ,í,î,é, ,ñ,á,î,ð,í,î,é, ,Ð,î,ñ,ñ,è,è, ,Ä,ì,è,ò,ð,è,é, ,Õ,î,ì,ó,õ,à, ,ï,ð,î,ê,î,ì,ì,å,í,ò,è,ð,î,â,à,ë, ,ï,î,á,å,ä,ó, ,â, ,ì,à,ò,÷,å, ,î,ò,á,î,ð,à, ,í,à, ,Å,â,ð,î,-,2,0,1,7, ,í,à,ä, ,ê,î,ì,à,í,ä,î,é, ,Ô,à,ð,å,ð,ñ,ê,è,õ, ,î,ñ,ò,ð,î,â,î,â, ,(,2,:,0,),., ,–, ,Ì,û, ,è, ,æ,ä,à,ë,è, ,ò,à,ê,î,ã,î, ,ñ,ë,î,æ,í,î,ã,î, ,ì,à,ò,÷,à,., ,Ò,å,ì, ,á,î,ë,å,å, ,ô,à,ð,å,ð,ö,û, ,ó,ñ,è,ë,è,ë,è,ñ,ü, ,ï,ð,å,ä,ñ,ò,à,â,è,ò,å,ë,ÿ,ì,è, ,î,ñ,í,î,â,í,î,é, ,ñ,á,î,ð,í,î,é,",", ,–, ,ð,à,ñ,ñ,ê,à,ç,à,ë, ,Õ,î,ì,ó,õ,à, ,â, ,ý,ô,è,ð,å, ,"""",Ì,à,ò,÷, ,Ò,Â,"""", ,–, ,Ê,à,ê, ,â,û, ,í,à,ì,å,ð,å,â,à,ë,è,ñ,ü, ,â,ç,ë,à,ì,û,â,à,ò,ü, ,í,à,ñ,û,ù,å,í,í,ó,þ, ,î,á,î,ð,î,í,ó, ,ñ,î,ï,å,ð,í,è,ê,à,?, ,–, ,Í,å,î,á,õ,î,ä,è,ì,î, ,á,û,ë,î, ,ã,ð,à,ì,î,ò,í,î, ,î,ð,ã,à,í,è,ç,î,â,û,â,à,ò,ü, ,à,ò,à,ê,è,",", ,á,î,ë,ü,ø,å, ,ê,î,í,ò,ð,î,ë,è,ð,î,â,à,ò,ü, ,ì,ÿ,÷, ,í,è,ç,î,ì,., ,Â,ñ,å, ,â,å,ð,õ,î,â,û,å, ,ï,å,ð,å,ä,à,÷,è, ,ï,ð,å,ð,û,â,à,ë,è,ñ,ü, ,ñ,î,ï,å,ð,í,è,ê,î,ì,",", ,ó, ,ê,î,ò,î,ð,î,ã,î, ,õ,â,à,ò,à,å,ò, ,â,û,ñ,î,ê,î,ð,î,ñ,ë,û,õ, ,ô,ó,ò,á,î,ë,è,ñ,ò,î,â,., ,–, ,Â,ñ,å,-,ò,à,ê,è, ,â,ñ,å, ,ï,ð,è,â,û,ê,ë,è, ,ê, ,ê,ð,ó,ï,í,û,ì, ,ï,î,á,å,ä,à,ì, ,í,à,ä, ,ñ,á,î,ð,í,û,ì,è, ,ó,ð,î,â,í,ÿ, ,Ô,à,ð,å,ð,., ,Í,è,÷,å,ã,î, ,ñ,ò,ð,à,ø,í,î,ã,î,",", ,÷,ò,î, ,ñ,å,ã,î,ä,í,ÿ, ,ý,ò,î,ã,î, ,í,å, ,ï,î,ë,ó,÷,è,ë,î,ñ,ü,?, ,–, ,Â, ,Å,â,ð,î,ï,å, ,ñ,å,ã,î,ä,í,ÿ, ,ñ,ë,à,á,û,õ, ,ñ,î,ï,å,ð,í,è,ê,î,â, ,í,å, ,î,ñ,ò,à,ë,î,ñ,ü,., ,Ê,à,æ,ä,à,ÿ, ,ê,î,ì,à,í,ä,à, ,ä,à,å,ò, ,á,î,é, ,ë,þ,á,î,ì,ó, ,è,ç, ,ô,à,â,î,ð,è,ò,î,â,., ,Î,ï,û,ò, ,å,ñ,ò,ü,",", ,ò,à,ê, ,÷,ò,î, ,ì,û, ,î,æ,è,ä,à,ë,è,",", ,÷,ò,î, ,è,ã,ð,à, ,á,ó,ä,å,ò, ,ò,ð,ó,ä,í,î,é,., ,–, ,Ì,î,æ,å,ò, ,ë,è, ,ê,ò,î,-,ò,î, ,è,ç, ,â,à,ø,è,õ, ,ï,î,ä,î,ï,å,÷,í,û,õ, ,â, ,á,ë,è,æ,à,é,ø,å,å, ,â,ð,å,ì,ÿ, ,ä,î,ð,à,ñ,ò,è, ,ä,î, ,ï,å,ð,â,î,é, ,ê,î,ì,à,í,ä,û,?, ,–, ,Í,å,ñ,î,ì,í,å,í,í,î,., ,Å,ñ,ë,è, ,î,í,è, ,á,ó,ä,ó,ò, ,ï,î,ë,ó,÷,à,ò,ü, ,è,ã,ð,î,â,ó,þ, ,ï,ð,à,ê,ò,è,ê,ó, ,â, ,ê,ë,ó,á,à,õ,",", ,ò,î, ,ò,î,ã,ä,à, ,ã,ë,à,â,í,û,é, ,ò,ð,å,í,å,ð, ,î,ñ,í,î,â,í,î,é, ,ñ,á,î,ð,í,î,é, ,î,á,ð,à,ò,è,ò, ,è,õ, ,â,í,è,ì,à,í,è,å,., ,Ï,î, ,ï,å,ð,ñ,î,í,à,ë,è,ÿ,ì, ,ã,î,â,î,ð,è,ò,ü, ,í,å, ,á,ó,ä,ó,., ,Í,î, ,å,ñ,ò,ü, ,ð,å,á,ÿ,ò,à,",", ,ê,î,ò,î,ð,û,å, ,ä,î,ë,ã,î, ,ï,î,ê,à,ç,û,â,à,þ,ò, ,ñ,â,î,é, ,ó,ð,î,â,å,í,ü,",", ,ç,à,á,è,â,à,þ,ò,., ,Ò,à,ê, ,÷,ò,î, ,ó, ,í,å,ê,î,ò,î,ð,û,õ, ,å,ñ,ò,ü, ,â,ñ,å, ,ï,ð,å,ä,ï,î,ñ,û,ë,ê,è,., ,–, ,Ã,à,ñ,è,ë,è,í,",", ,Ï,à,í,þ,ê,î,â, ,ñ,å,é,÷,à,ñ, ,â,û,ñ,ò,ó,ï,à,þ,ò, ,ç,à, ,ã,ð,à,í,è,ö,å,é,., ,Ê,à,ê, ,â,û, ,ñ,÷,è,ò,à,å,ò,å,",", ,è,ì, ,ï,î,ø,å,ë, ,í,à, ,ï,î,ë,ü,ç,ó, ,ò,à,ê,î,é, ,ï,å,ð,å,õ,î,ä,?, ,–, ,Ä,à,",", ,í,å,ñ,î,ì,í,å,í,í,î,., ,Ï,ð,à,â,ä,à,",", ,ó,ð,î,â,å,í,ü, ,ë,è,ã,",", ,â, ,ê,î,ò,î,ð,û,õ, ,î,í,è, ,â,û,ñ,ò,ó,ï,à,þ,ò,",", ,í,å, ,ò,à,ê,î,é, ,â,û,ñ,î,ê,è,é,., ,Â,î,ò, ,Ñ,ë,à,â,à, ,Ê,à,ð,à,â,à,å,â, ,ð,å,ã,ó,ë,ÿ,ð,í,î, ,è,ã,ð,à,å,ò, ,â, ,×,å,õ,è,è,",", ,ý,ò,î, ,ñ,è,ë,ü,í,û,é, ,÷,å,ì,ï,è,î,í,à,ò,., ,Ï,ð,î, ,í,è,õ, ,ÿ, ,á,û, ,í,å, ,ñ,ò,à,ë, ,ò,à,ê, ,ã,î,â,î,ð,è,ò,ü,., ,Í,î, ,ç,à,ò,î, ,ñ,ò,à,á,è,ë,ü,í,î, ,è,ã,ð,à,þ,ò,., ,–, ,Î,÷,å,í,ü, ,÷,à,ñ,ò,î, ,ì,î,ë,î,ä,å,æ,í,à,ÿ, ,ê,î,ì,à,í,ä,à, ,è,ñ,ï,î,ë,ü,ç,ó,å,ò, ,ò,ó, ,æ,å, ,ò,à,ê,ò,è,ê,ó,",", ,÷,ò,î, ,è, ,ã,ë,à,â,í,à,ÿ, ,ñ,á,î,ð,í,à,ÿ,., ,Ó, ,â,à,ñ, ,ñ,î, ,Ñ,ë,ó,ö,ê,è,ì, ,á,û,ë, ,ð,à,ç,ã,î,â,î,ð, ,í,à, ,ý,ò,ó, ,ò,å,ì,ó,?, ,–, ,Ò,à,ê, ,ï,î,ë,ó,÷,è,ë,î,ñ,ü,",", ,÷,ò,î, ,â,ñ,ò,ð,å,÷,è, ,ï,î,ê,à, ,í,å, ,á,û,ë,î, ,è,ç,-,ç,à, ,ç,à,í,ÿ,ò,î,ñ,ò,è, ,Ë,å,î,í,è,ä,à, ,Ñ,ë,ó,ö,ê,î,ã,î,., ,Ê,à,ê, ,ò,î,ë,ü,ê,î, ,ï,î,ÿ,â,è,ò,ñ,ÿ, ,â,ð,å,ì,ÿ,",", ,í,à,ä,å,þ,ñ,ü,",", ,÷,ò,î, ,î,á,ñ,ó,ä,è,ì,., ,Ñ,å,é,÷,à,ñ, ,î,÷,å,í,ü, ,í,à,ï,ð,ÿ,æ,å,í,í,û,é, ,ã,ð,à,ô,è,ê, ,ó, ,î,á,å,è,õ, ,ñ,á,î,ð,í,û,õ,., ,×,ò,î,á,û, ,í,å, ,î,ò,â,ë,å,ê,à,ò,ü, ,ä,ð,ó,ã, ,ä,ð,ó,ã,à,",", ,ò,à,ê,î,ã,î, ,ê,î,í,ò,à,ê,ò,à, ,í,å, ,á,û,ë,î,"""",.
Â, ,ì,à,ò,÷,å, ,î,ò,á,î,ð,î,÷,í,î,ã,î, ,ò,ó,ð,í,è,ð,à, ,í,à, ,Å,â,ð,î,-,2,0,1,7, ,ñ,ð,å,ä,è, ,ì,î,ë,î,ä,å,æ,í,û,õ, ,ê,î,ì,à,í,ä, ,ñ,á,î,ð,í,à,ÿ, ,Ð,î,ñ,ñ,è,è, ,î,á,û,ã,ð,à,ë,à, ,ñ,â,å,ð,ñ,ò,í,è,ê,î,â, ,ñ, ,Ô,à,ð,å,ð,ñ,ê,è,õ, ,î,ñ,ò,ð,î,â,î,â, ,ñ,î, ,ñ,÷,å,ò,î,ì, ,2,:,0,., ,Î,ò,ë,è,÷,è,ë,è,ñ,ü, ,Ø,å,é,ä,à,å,â, ,è, ,Ï,à,í,þ,ê,î,â,., ,Å,â,ð,î,-,2,0,1,7, ,(,U,-,2,1,),., ,Î,ò,á,î,ð,î,÷,í,û,é, ,ò,ó,ð,í,è,ð,., ,Ã,ð,ó,ï,ï,à, ,7,., ,3,-,é, ,ò,ó,ð,., ,Ð,î,ñ,ñ,è,ÿ, ,–, ,Ô,à,ð,å,ð,ñ,ê,è,å, ,î,ñ,ò,ð,î,â,à, ,–, ,2,:,0, ,(,0,:,0,), ,Ã,î,ë,û,:, ,1,:,0, ,–, ,Ø,å,é,ä,à,å,â,",", ,5,4,;, ,2,:,0, ,–, ,Ï,à,í,þ,ê,î,â,",", ,7,7,.
Í,à,ï,à,ä,à,þ,ù,è,é, ,"""",À,ÿ,÷,÷,î,"""", ,è, ,ì,î,ë,î,ä,å,æ,í,î,é, ,ñ,á,î,ð,í,î,é, ,Ð,î,ñ,ñ,è,è, ,À,í,ä,ð,å,é, ,Ï,à,í,þ,ê,î,â, ,ñ,÷,è,ò,à,å,ò,",", ,÷,ò,î, ,ì,î,ë,î,ä,û,ì, ,ð,î,ñ,ñ,è,é,ñ,ê,è,ì, ,ô,ó,ò,á,î,ë,è,ñ,ò,à,ì, ,ñ,ë,å,ä,ó,å,ò, ,ï,ð,î,á,î,â,à,ò,ü, ,â,û,ñ,ò,ó,ï,à,ò,ü, ,â, ,ä,ð,ó,ã,è,õ, ,÷,å,ì,ï,è,î,í,à,ò,à,õ,., ,"""",Ñ,î,â,å,ò,ó,þ, ,ð,å,á,ÿ,ò,à,ì, ,ó,å,ç,æ,à,ò,ü, ,â, ,ä,ð,ó,ã,è,å, ,÷,å,ì,ï,è,î,í,à,ò,û,., ,Ó,æ, ,ë,ó,÷,ø,å, ,è,ã,ð,à,ò,ü, ,â, ,Ë,è,ò,â,å,",", ,ã,ä,å, ,1,0, ,ê,î,ì,à,í,ä,",", ,÷,å,ì, ,ç,à, ,ä,ó,á,ë,ü, ,â, ,Ð,î,ñ,ñ,è,è,., ,Ì,í,å, ,è,ã,ð,î,â,à,ÿ, ,ï,ð,à,ê,ò,è,ê,à, ,î,÷,å,í,ü, ,ï,î,ì,î,ã,à,å,ò,., ,Î,÷,å,í,ü, ,â,à,æ,í,î, ,á,û,ò,ü, ,í,à, ,ï,î,ë,å,"""",",", ,–, ,ñ,÷,è,ò,à,å,ò, ,Ï,à,í,þ,ê,î,â,., ,Ê,ë,ó,á, ,Ï,à,í,þ,ê,î,â,à, ,"""",À,ÿ,÷,÷,î,"""", ,è,ã,ð,à,å,ò, ,â, ,Ë,è,ã,å, ,2,",", ,à, ,ð,à,í,å,å, ,ô,ó,ò,á,î,ë,è,ñ,ò, ,â,û,ñ,ò,ó,ï,à,ë, ,ç,à, ,ë,è,ò,î,â,ñ,ê,è,é, ,"""",À,ò,ë,à,í,ò,à,ñ,"""",.
Í,à,ñ,ò,ó,ï,à,å,ò, ,ð,å,ø,à,þ,ù,à,ÿ, ,ï,î,ð,à, ,â, ,á,è,ò,â,å, ,ç,à, ,â,û,õ,î,ä, ,â, ,ô,è,í,à,ë,ü,í,û,é, ,ò,ó,ð,í,è,ð, ,Å,â,ð,î,-,2,0,1,6, ,â, ,â,è,ä,å, ,ñ,ò,û,ê,î,â,û,õ, ,ì,à,ò,÷,å,é,., ,Ï,å,ð,â,û,ì,è, ,â, ,ý,ò,ó, ,á,è,ò,â,ó, ,â,ñ,ò,ó,ï,ÿ,ò, ,ê,î,ì,à,í,ä,û, ,Í,î,ð,â,å,ã,è,è, ,è, ,Â,å,í,ã,ð,è,è,., ,Ñ,ë,î,æ,í,î, ,â,û,ä,å,ë,è,ò,ü, ,ÿ,â,í,î,ã,î, ,ô,à,â,î,ð,è,ò,à, ,â, ,ý,ò,î,ì, ,ï,ð,î,ò,è,â,î,ñ,ò,î,ÿ,í,è,è,",", ,ï,î,ý,ò,î,ì,ó, ,ñ,ì,î,ò,ð,å,ò,ü, ,ç,à, ,ä,à,í,í,û,ì, ,ì,à,ò,÷,å,ì, ,á,ó,ä,å,ò, ,å,ù,å, ,è,í,ò,å,ð,å,ñ,í,å,å,., ,Ó, ,÷,è,ò,à,ò,å,ë,å,é, ,"""",Á,î,ì,á,à,ð,ä,è,ð,à,"""", ,å,ñ,ò,ü, ,â,î,ç,ì,î,æ,í,î,ñ,ò,ü, ,â,î,ñ,ï,î,ë,ü,ç,î,â,à,ò,ü,ñ,ÿ, ,ñ,å,ð,â,è,ñ,î,ì, ,â,è,ä,å,î,ò,ð,à,í,ñ,ë,ÿ,ö,è,é,",", ,ê,î,ò,î,ð,û,é, ,ï,ð,å,ä,î,ñ,ò,à,â,ë,ÿ,å,ò, ,"""",Í,Ò,Â,-,Ï,ë,þ,ñ,"""",",", ,è, ,ï,î,ñ,ì,î,ò,ð,å,ò,ü, ,â,ñ,ò,ð,å,÷,ó,., ,Ä,ë,ÿ, ,ý,ò,î,ã,î, ,ä,î,ñ,ò,à,ò,î,÷,í,î, ,ï,å,ð,å,é,ò,è, ,â, ,î,í,ë,à,é,í, ,ì,à,ò,÷,à,",", ,â,û,á,ð,à,ò,ü, ,â,ê,ë,à,ä,ê,ó, ,"""",â,è,ä,å,î,"""", ,è, ,î,ï,ë,à,ò,è,ò,ü, ,ò,ð,à,í,ñ,ë,ÿ,ö,è,þ, ,ñ, ,ï,î,ì,î,ù,ü,þ, ,ì,î,á,è,ë,ü,í,î,ã,î, ,ò,å,ë,å,ô,î,í,à,., ,À,ë,ü,ò,å,ð,í,à,ò,è,â,í,û,é, ,â,à,ð,è,à,í,ò,:, ,"""",Á,î,ì,á,à,ð,ä,è,ð,"""", ,á,ó,ä,å,ò, ,â,å,ñ,ò,è, ,ò,å,ê,ñ,ò,î,â,ó,þ, ,ò,ð,à,í,ñ,ë,ÿ,ö,è,þ, ,ì,à,ò,÷,à, ,Í,î,ð,â,å,ã,è,ÿ, ,-, ,Â,å,í,ã,ð,è,ÿ,., ,Ê,î,ì,ì,å,í,ò,à,ò,î,ð, ,–, ,À,í,ä,ð,å,é, ,Ê,î,â,à,ë,å,â,., ,Í,à,÷,à,ë,î, ,â, ,2,2,:,4,5,",", ,í,å, ,ï,ð,î,ï,ó,ñ,ò,è,ò,å,!
Ç,à,ù,è,ò,í,è,ê, ,"""",Þ,â,å,í,ò,ó,ñ,à,"""", ,è, ,á,û,â,ø,è,é, ,è,ã,ð,î,ê, ,"""",Ì,à,í,÷,å,ñ,ò,å,ð, ,Þ,í,à,é,ò,å,ä,"""", ,Ï,à,ò,ð,è,ñ, ,Ý,â,ð,à, ,ñ,ð,à,â,í,è,ë, ,÷,å,ì,ï,è,î,í,à,ò,û, ,È,ò,à,ë,è,è, ,è, ,À,í,ã,ë,è,è,., ,"""",Â, ,À,Ï,Ë, ,ì,í,î,ã,î, ,à,ä,ð,å,í,à,ë,è,í,à, ,è, ,æ,å,ë,à,í,è,ÿ,",", ,í,î, ,ÿ, ,á,û, ,í,å, ,í,à,ç,â,à,ë, ,ý,ò,î,ò, ,÷,å,ì,ï,è,î,í,à,ò, ,ñ,à,ì,û,ì, ,ñ,ë,î,æ,í,û,ì,., ,Ï,ð,î,ñ,ò,î, ,ï,î,ñ,ì,î,ò,ð,è,ò,å,",", ,ê,à,ê,î,â,î, ,è,ã,ð,à,ò,ü, ,ï,ð,î,ò,è,â, ,ñ,å,ð,å,ä,í,ÿ,ê,î,â, ,Ñ,å,ð,è,è, ,À,:, ,î,í,è, ,ã,î,ò,î,â,û, ,á,î,ð,î,ò,ü,ñ,ÿ,",", ,ç,í,à,þ,ò, ,ñ,â,î,è, ,ï,î,ç,è,ö,è,è, ,è, ,ô,à,í,ò,à,ñ,ò,è,÷,å,ñ,ê,è, ,ï,î,ä,ã,î,ò,î,â,ë,å,í,û,"""",",", ,-, ,ã,î,â,î,ð,è,ò, ,Ý,â,ð,à,., ,Ï,î, ,å,ã,î, ,ì,í,å,í,è,þ,",", ,è,ò,à,ë,ü,ÿ,í,ñ,ê,è,é, ,ô,ó,ò,á,î,ë, ,í,à,ï,î,ì,è,í,à,å,ò, ,ø,à,õ,ì,à,ò,û,., ,"""",Ì,à,ò,÷, ,À,Ï,Ë, ,–, ,ý,ò,î, ,ï,î,å,ä,è,í,î,ê, ,á,î,ê,ñ,å,ð,î,â,:, ,â,ñ,å, ,à,ò,à,ê,ó,þ,ò,",", ,è, ,â, ,ð,å,ç,ó,ë,ü,ò,à,ò,å, ,ó,ñ,ò,à,å,ò, ,è, ,ï,ð,î,è,ã,ð,û,â,à,å,ò, ,ñ,ë,à,á,å,é,ø,è,é,., ,Â, ,È,ò,à,ë,è,è, ,æ,å, ,è,ã,ð,û, ,í,à,ï,î,ì,è,í,à,þ,ò, ,ø,à,õ,ì,à,ò,û,., ,Ç,ä,å,ñ,ü, ,í,ó,æ,í,î, ,î,á,ä,ó,ì,û,â,à,ò,ü, ,ê,à,æ,ä,î,å, ,ä,å,é,ñ,ò,â,è,å,"""",.
Ï,î,ë,ó,ç,à,ù,è,ò,í,è,ê, ,"""",À,ë,ü,-,Ñ,à,ä,ä,à,"""", ,è, ,á,û,â,ø,è,é, ,è,ã,ð,î,ê, ,"""",Á,à,ð,ñ,å,ë,î,í,û,"""", ,Õ,à,â,è, ,ï,ð,è,ç,í,à,ë,ñ,ÿ,",", ,÷,ò,î, ,â, ,ñ,â,î,å, ,â,ð,å,ì,ÿ, ,ï,î,ë,ó,÷,à,ë, ,ò,ð,à,í,ñ,ô,å,ð,í,î,å, ,ï,ð,å,ä,ë,î,æ,å,í,è,å, ,î,ò, ,"""",Ç,å,í,è,ò,à,"""",., ,"""",Ó, ,ì,å,í,ÿ, ,á,û,ë,î, ,ï,ð,å,ä,ë,î,æ,å,í,è,å, ,î,ò, ,"""",Ç,å,í,è,ò,à,"""",",", ,í,î, ,ÿ, ,í,å, ,õ,î,ò,å,ë, ,â,û,ñ,ò,ó,ï,à,ò,ü, ,í,è, ,â, ,î,ä,í,î,ì, ,ê,ë,ó,á,å, ,Å,â,ð,î,ï,û,",", ,ê,ð,î,ì,å, ,"""",Á,à,ð,ñ,å,ë,î,í,û,"""",., ,Ñ,å,é,÷,à,ñ, ,ÿ, ,è,ã,ð,à,þ, ,â, ,Ê,à,ò,à,ð,å,",", ,è, ,ý,ò,î, ,î,ä,í,î, ,è,ç, ,ë,ó,÷,ø,è,õ, ,ð,å,ø,å,í,è,é, ,â, ,ì,î,å,é, ,æ,è,ç,í,è,., ,Ç,ä,å,ñ,ü, ,ÿ, ,ï,ð,î,ñ,ò,î, ,ï,î,ë,ó,÷,à,þ, ,ó,ä,î,â,î,ë,ü,ñ,ò,â,è,å, ,î,ò, ,ô,ó,ò,á,î,ë,à,"""",",", ,-, ,ã,î,â,î,ð,è,ò, ,Õ,à,â,è,.
À,ã,å,í,ò, ,í,à,ï,à,ä,à,þ,ù,å,ã,î, ,Ö,Ñ,Ê,À, ,Ñ,å,é,ä,ó, ,Ä,ó,ì,á,è,ÿ, ,Æ,à,í,-,Á,å,ð,í,à,ð,ä, ,Á,å,é,ò,ð,è,ç,î,í, ,ð,à,ñ,ñ,ê,à,ç,à,ë, ,î, ,ò,î,ì,",", ,÷,ò,î, ,å,ã,î, ,ê,ë,è,å,í,ò, ,í,å, ,õ,î,÷,å,ò, ,â,î,ç,â,ð,à,ù,à,ò,ü,ñ,ÿ, ,â, ,"""",Ð,î,ì,ó,"""",",", ,à, ,ï,ð,å,ä,ï,î,÷,å,ë, ,á,û, ,î,ñ,ò,à,ò,ü,ñ,ÿ, ,â, ,ì,î,ñ,ê,î,â,ñ,ê,î,ì, ,ê,ë,ó,á,å,., ,Í,à,ï,î,ì,í,è,ì,",", ,ï,ð,à,â,à, ,í,à, ,è,ã,ð,î,ê,à, ,ï,ð,è,í,à,ä,ë,å,æ,à,ò, ,ð,è,ì,ë,ÿ,í,à,ì,",", ,à, ,à,ð,å,í,ä,à, ,ç,à,â,å,ð,ø,à,å,ò,ñ,ÿ, ,4, ,ÿ,í,â,à,ð,ÿ,., ,"""",Ì,í,å, ,í,å,÷,å,ã,î, ,ñ,ê,à,ç,à,ò,ü, ,ï,î, ,ï,î,â,î,ä,ó, ,â,î,ç,ì,î,æ,í,î,ã,î, ,â,î,ç,â,ð,à,ù,å,í,è,ÿ, ,â, ,"""",Ð,î,ì,ó,"""",",", ,ó, ,ì,å,í,ÿ, ,í,å,ò, ,ò,à,ê,î,é, ,è,í,ô,î,ð,ì,à,ö,è,è,., ,ß, ,÷,è,ò,à,ë, ,î,á, ,ý,ò,î,ì, ,â, ,è,ò,à,ë,ü,ÿ,í,ñ,ê,î,é, ,ï,ð,å,ñ,ñ,å,",", ,î,ä,í,à,ê,î, ,í,å, ,ç,í,à,þ,",", ,í,à, ,÷,å,ì, ,î,ñ,í,î,â,à,í,û, ,ý,ò,è, ,ñ,î,î,á,ù,å,í,è,ÿ,., ,ß, ,ì,î,ã,ó, ,ñ,ê,à,ç,à,ò,ü, ,î,ä,í,î,:, ,Ñ,å,é,ä,ó, ,õ,î,÷,å,ò, ,î,ñ,ò,à,ò,ü,ñ,ÿ, ,â, ,Ö,Ñ,Ê,À,., ,ß, ,í,å, ,ç,í,à,þ,",", ,â,å,ð,í,å,ò,ñ,ÿ, ,ë,è, ,î,í, ,â, ,"""",Ð,î,ì,ó,"""",",", ,í,î, ,î,í, ,ò,î,÷,í,î, ,ý,ò,î,ã,î, ,í,å, ,æ,å,ë,à,å,ò,., ,È,ò,à,ë,ü,ÿ,í,ñ,ê,è,é, ,ê,ë,ó,á, ,ñ,î, ,ì,í,î,é, ,í,å, ,ê,î,í,ò,à,ê,ò,è,ð,î,â,à,ë,",", ,è, ,ÿ, ,í,å, ,â, ,ê,ó,ð,ñ,å,",", ,÷,ò,î, ,î,í,è, ,ñ,î,á,è,ð,à,þ,ò,ñ,ÿ, ,ä,å,ë,à,ò,ü, ,â, ,ý,ò,î,é, ,ñ,è,ò,ó,à,ö,è,è,"""",",", ,-, ,ã,î,â,î,ð,è,ò, ,Á,å,é,ò,ð,è,ç,î,í,.
Í,à,ï,à,ä,à,þ,ù,è,é, ,"""",À,í,æ,å,ð,à,"""", ,Æ,à,í,-,Ï,ü,å,ð, ,Í,ñ,à,ì,å, ,î,á,â,è,í,ÿ,å,ò,ñ,ÿ, ,â, ,í,à,í,å,ñ,å,í,è,è, ,ò,å,ë,å,ñ,í,û,õ, ,ï,î,â,ð,å,æ,ä,å,í,è,é, ,ñ,â,î,å,ì,ó, ,ï,ÿ,ò,è,ì,å,ñ,ÿ,÷,í,î,ì,ó, ,ñ,û,í,ó,., ,Ô,ó,ò,á,î,ë,è,ñ,ò,ó, ,ã,ð,î,ç,è,ò, ,1,5, ,ë,å,ò, ,ë,è,ø,å,í,è,ÿ, ,ñ,â,î,á,î,ä,û,., ,Í,ñ,à,ì,å, ,è,ç,á,è,ë, ,ð,å,á,å,í,ê,à,",", ,â, ,ð,å,ç,ó,ë,ü,ò,à,ò,å, ,÷,å,ã,î, ,ò,î,ò, ,ï,î,ò,å,ð,ÿ,ë, ,ç,ð,å,í,è,å, ,è, ,ñ,å,é,÷,à,ñ, ,í,à,õ,î,ä,è,ò,ñ,ÿ, ,â, ,á,î,ë,ü,í,è,ö,å,., ,Ï,ð,î,ã,í,î,ç,î,â, ,î,ò,í,î,ñ,è,ò,å,ë,ü,í,î, ,â,î,ñ,ñ,ò,à,í,î,â,ë,å,í,è,ÿ, ,ç,ð,å,í,è,ÿ, ,â,ð,à,÷,è, ,í,å, ,ä,à,þ,ò,",", ,à, ,ñ,î,ñ,ò,î,ÿ,í,è,å, ,ì,à,ë,ü,÷,è,ê,à, ,î,ö,å,í,è,â,à,å,ò,ñ,ÿ, ,ê,à,ê, ,ñ,ò,à,á,è,ë,ü,í,î,å,., ,Ô,ó,ò,á,î,ë,è,ñ,ò, ,á,û,ë, ,à,ð,å,ñ,ò,î,â,à,í, ,9, ,í,î,ÿ,á,ð,ÿ, ,è, ,â,û,ï,ó,ù,å,í, ,ï,î,ä, ,ï,î,ä,ï,è,ñ,ê,ó, ,î, ,í,å,â,û,å,ç,ä,å,., ,Ñ,ë,å,ä,ñ,ò,â,è,å, ,ï,î, ,ä,å,ë,ó, ,Í,ñ,à,ì,å, ,ï,ð,î,ä,î,ë,æ,à,å,ò,ñ,ÿ,",", ,à, ,ï,î,ê,à, ,å,ì,ó, ,ç,à,ï,ð,å,ù,å,í,î, ,î,á,ù,à,ò,ü,ñ,ÿ, ,ñ, ,æ,å,í,î,é, ,è, ,ñ,û,í,î,ì,., ,Â, ,í,û,í,å,ø,í,å,ì, ,ñ,å,ç,î,í,å, ,Ë,è,ã,è, ,1, ,Í,ñ,à,ì,å, ,ï,ð,î,â,å,ë, ,î,ä,è,í, ,ì,à,ò,÷,.
"""",Ñ,å,â,è,ë,ü,ÿ,"""", ,í,à,ì,å,ð,å,í,à, ,â,û,ê,ó,ï,è,ò,ü, ,í,à,ï,à,ä,à,þ,ù,å,ã,î, ,×,è,ð,î, ,È,ì,ì,î,á,è,ë,å,",", ,ï,ð,à,â,à, ,í,à, ,ê,î,ò,î,ð,î,ã,î, ,ï,ð,è,í,à,ä,ë,å,æ,à,ò, ,"""",Á,î,ð,ó,ñ,ñ,è,è,"""", ,Ä,., ,Ê,à,ð,ü,å,ð,à, ,ô,ó,ò,á,î,ë,è,ñ,ò,à, ,â, ,í,å,ì,å,ö,ê,î,ì, ,ê,ë,ó,á,å, ,í,å, ,ñ,ë,î,æ,è,ë,à,ñ,ü,",", ,è, ,ì,è,í,ó,â,ø,è,ì, ,ë,å,ò,î,ì, ,î,í, ,á,û,ë, ,à,ð,å,í,ä,î,â,à,í, ,"""",Ñ,å,â,è,ë,ü,å,é,"""",., ,Ò,å,ï,å,ð,ü, ,è,ñ,ï,à,í,ö,û, ,õ,î,ò,ÿ,ò, ,â,û,ê,ó,ï,è,ò,ü, ,å,ã,î, ,ê,î,í,ò,ð,à,ê,ò,",", ,à, ,ñ,ó,ì,ì,à, ,â,î,ç,ì,î,æ,í,î,é, ,ñ,ä,å,ë,ê,è, ,ì,î,æ,å,ò, ,ñ,î,ñ,ò,à,â,è,ò,ü, ,î,ê,î,ë,î, ,1,1, ,ì,è,ë,ë,è,î,í,î,â, ,å,â,ð,î,., ,Â, ,í,û,í,å,ø,í,å,ì, ,ñ,å,ç,î,í,å, ,Ï,ð,è,ì,å,ð,û, ,È,ì,ì,î,á,è,ë,å, ,ñ,û,ã,ð,à,ë, ,ï,ÿ,ò,ü, ,ì,à,ò,÷,å,é, ,è, ,ç,à,á,è,ë, ,â, ,í,è,õ, ,î,ä,è,í, ,ã,î,ë,., ,Ò,à,ê,æ,å, ,ô,ó,ò,á,î,ë,è,ñ,ò, ,ä,â,à,æ,ä,û, ,â,û,õ,î,ä,è,ë, ,í,à, ,ï,î,ë,å, ,â, ,è,ã,ð,à,õ, ,Ë,è,ã,è, ,÷,å,ì,ï,è,î,í,î,â,.
Ã,ë,à,â,í,û,é, ,ò,ð,å,í,å,ð, ,Ö,Ñ,Ê,À, ,Ë,å,î,í,è,ä, ,Ñ,ë,ó,ö,ê,è,é, ,ï,ð,î,ê,î,ì,ì,å,í,ò,è,ð,î,â,à,ë, ,ñ,è,ò,ó,à,ö,è,þ, ,ñ, ,í,à,ï,à,ä,à,þ,ù,è,ì, ,Ñ,å,é,ä,ó, ,Ä,ó,ì,á,è,ÿ,",", ,ï,ð,à,â,à, ,í,à, ,ê,î,ò,î,ð,î,ã,î, ,ï,ð,è,í,à,ä,ë,å,æ,à,ò, ,"""",Ð,î,ì,å,"""",., ,À,ð,å,í,ä,à, ,è,ã,ð,î,ê,à, ,ç,à,â,å,ð,ø,à,å,ò,ñ,ÿ, ,4, ,ÿ,í,â,à,ð,ÿ, ,2,0,1,6, ,ã,î,ä,à,., ,"""",ß, ,í,å, ,ç,í,à,þ,",", ,á,ó,ä,å,ò, ,ë,è, ,ï,ð,î,ä,ë,å,í,à, ,à,ð,å,í,ä,à, ,Ä,ó,ì,á,è,ÿ,., ,Ê,ë,ó,á, ,ç,à,í,è,ì,à,å,ò,ñ,ÿ, ,ý,ò,è,ì, ,â,î,ï,ð,î,ñ,î,ì,., ,Ê,î,í,å,÷,í,î,",", ,ÿ, ,á,û, ,õ,î,ò,å,ë,",", ,÷,ò,î,á,û, ,ý,ò,î, ,ï,ð,î,è,ç,î,ø,ë,î,., ,Ë,þ,á,î,é, ,ò,ð,å,í,å,ð, ,ñ,ê,à,æ,å,ò,",", ,÷,ò,î, ,ó,ñ,è,ë,å,í,è,å, ,í,ó,æ,í,î, ,è, ,÷,ò,î, ,î,í, ,î,÷,å,í,ü, ,å,ã,î, ,õ,î,÷,å,ò,., ,Å,ñ,ò,å,ñ,ò,â,å,í,í,î,",", ,å,ñ,ò,ü, ,ò,å,ê,ó,ù,à,ÿ, ,ñ,è,ò,ó,à,ö,è,ÿ,",", ,å,ñ,ò,ü, ,ï,ð,î,ö,å,ñ,ñ,û,",", ,î, ,ê,î,ò,î,ð,û,õ, ,ÿ, ,ï,ð,å,ê,ð,à,ñ,í,î, ,î,ñ,â,å,ä,î,ì,ë,å,í,., ,Â,î,ï,ð,î,ñ, ,í,à,ï,à,ä,à,þ,ù,å,ã,î,",", ,â,î,ï,ð,î,ñ, ,ñ, ,Ä,ó,ì,á,è,ÿ, ,—, ,î,ñ,í,î,â,í,î,é,",", ,ê,î,ò,î,ð,û,ì, ,ì,û, ,á,ó,ä,å,ì, ,ç,à,í,è,ì,à,ò,ü,ñ,ÿ, ,â, ,ç,è,ì,í,å,å, ,ò,ð,à,í,ñ,ô,å,ð,í,î,å, ,î,ê,í,î,"""",",", ,—, ,ð,à,ñ,ñ,ê,à,ç,à,ë, ,Ñ,ë,ó,ö,ê,è,é,.
Ö,Ñ,Ê,À, ,õ,î,ò,å,ë, ,á,û, ,ï,ð,î,ä,ë,è,ò,ü, ,ä,î,ã,î,â,î,ð, ,à,ð,å,í,ä,û, ,í,à,ï,à,ä,à,þ,ù,å,ã,î, ,Ñ,å,é,ä,ó, ,Ä,ó,ì,á,è,ÿ,., ,Ñ,î,î,ò,â,å,ò,ñ,ò,â,ó,þ,ù,å,å, ,ï,ð,å,ä,ë,î,æ,å,í,è,å, ,ê,ë,ó,á, ,í,à,ï,ð,à,â,è,ë, ,"""",Ð,î,ì,å,"""",., ,Ñ,ð,î,ê, ,ä,å,é,ñ,ò,â,è,ÿ, ,í,û,í,å,ø,í,å,ã,î, ,à,ð,å,í,ä,í,î,ã,î, ,ñ,î,ã,ë,à,ø,å,í,è,ÿ, ,ç,à,â,å,ø,à,å,ò,ñ,ÿ, ,4, ,ÿ,í,â,à,ð,ÿ, ,á,ó,ä,ó,ù,å,ã,î, ,ã,î,ä,à,",", ,è, ,ì,î,ñ,ê,î,â,ñ,ê,è,é, ,ê,ë,ó,á, ,ç,à,è,í,ò,å,ð,å,ñ,î,â,à,í, ,â, ,ò,î,ì,",", ,÷,ò,î,á,û, ,å,ã,î, ,ï,ð,î,ä,ë,è,ò,ü,., ,Ï,ð,è, ,ý,ò,î,ì, ,ñ,à,ì,à, ,"""",Ð,î,ì,à,"""", ,æ,å,ë,à,å,ò, ,ï,ð,î,ä,à,ò,ü, ,ô,ó,ò,á,î,ë,è,ñ,ò,à,",", ,à, ,â, ,ê,à,÷,å,ñ,ò,â,å, ,â,å,ð,î,ÿ,ò,í,î,ã,î, ,ï,î,ê,ó,ï,à,ò,å,ë,ÿ, ,í,à,ç,û,â,à,þ,ò, ,"""",Â,å,ñ,ò, ,Õ,ý,ì,"""",., ,Ñ,ó,ì,ì,à, ,â,î,ç,ì,î,æ,í,î,ã,î, ,ò,ð,à,í,ñ,ô,å,ð,à, ,î,ö,å,í,è,â,à,å,ò,ñ,ÿ, ,â, ,1,6, ,ì,è,ë,ë,è,î,í,î,â, ,å,â,ð,î,., ,Â, ,í,û,í,å,ø,í,å,ì, ,ñ,å,ç,î,í,å, ,Ð,Ô,Ï,Ë, ,Ä,ó,ì,á,è,ÿ, ,ñ,û,ã,ð,à,ë, ,1,1, ,ì,à,ò,÷,å,é,., ,Â, ,ý,ò,è,õ, ,â,ñ,ò,ð,å,÷,à,õ, ,î,í, ,ç,à,ï,è,ñ,à,ë, ,í,à, ,ñ,â,î,é, ,ñ,÷,å,ò, ,ï,ÿ,ò,ü, ,ã,î,ë,î,â, ,è, ,ñ,ò,î,ë,ü,ê,î, ,æ,å, ,ð,å,ç,ó,ë,ü,ò,à,ò,è,â,í,û,õ, ,ï,å,ð,å,ä,à,÷,.
Â,ð,à,ò,à,ð,ü, ,ñ,á,î,ð,í,î,é, ,Â,å,í,ã,ð,è,è, ,Ã,à,á,î,ð, ,Ê,è,ð,à,é, ,î,ò,â,å,ò,è,ë, ,í,à, ,â,î,ï,ð,î,ñ,û, ,æ,ó,ð,í,à,ë,è,ñ,ò,î,â, ,â, ,ï,ð,å,ä,ä,â,å,ð,è,è, ,ï,å,ð,â,î,ã,î, ,ñ,ò,û,ê,î,â,î,ã,î, ,ì,à,ò,÷,à, ,ç,à, ,â,û,õ,î,ä, ,í,à, ,Å,â,ð,î,-,2,0,1,6, ,ï,ð,î,ò,è,â, ,ê,î,ì,à,í,ä,û, ,Í,î,ð,â,å,ã,è,è,., ,Ô,ó,ò,á,î,ë,è,ñ,ò, ,ï,ð,î,ê,î,ì,ì,å,í,ò,è,ð,î,â,à,ë, ,ñ,â,î,þ, ,ì,à,í,å,ð,ó, ,î,ä,å,â,à,ò,ü,ñ,ÿ,:, ,â, ,î,ò,ë,è,÷,è,å, ,î,ò, ,á,î,ë,ü,ø,è,í,ñ,ò,â,à, ,â,ð,à,ò,à,ð,å,é, ,î,í, ,â,û,ñ,ò,ó,ï,à,å,ò, ,í,å, ,â, ,ø,î,ð,ò,à,õ,",", ,à, ,â, ,ñ,ï,î,ð,ò,è,â,í,û,õ, ,ø,ò,à,í,à,õ,., ,"""",Ä,å,ë,î, ,â, ,ó,ä,î,á,ñ,ò,â,å,., ,Ì,í,å, ,ï,ð,è,õ,î,ä,è,ò,ñ,ÿ, ,ï,à,ä,à,ò,ü, ,í,à, ,ò,ð,à,â,ó,",", ,à, ,è,í,î,ã,ä,à, ,è, ,í,à, ,ç,à,ì,å,ð,ç,ø,ó,þ, ,ç,å,ì,ë,þ,., ,Â,û,ñ,ò,ó,ï,à,ÿ, ,â, ,À,í,ã,ë,è,è, ,è, ,Ã,å,ð,ì,à,í,è,è,",", ,ÿ, ,ï,ð,î,á,î,â,à,ë, ,è,ã,ð,à,ò,ü, ,â, ,ø,î,ð,ò,à,õ,",", ,í,î, ,ý,ò,î, ,í,å, ,ä,ë,ÿ, ,ì,å,í,ÿ,., ,Ð,å,ç,ó,ë,ü,ò,à,ò, ,â,à,æ,í,å,å, ,â,í,å,ø,í,å,ã,î, ,â,è,ä,à,., ,×,ò,î,á,û, ,î,á,ë,å,ã,÷,è,ò,ü, ,ä,â,è,æ,å,í,è,ÿ,",", ,ÿ, ,â,ñ,å,ã,ä,à, ,î,ä,å,â,à,þ, ,ø,ò,à,í,û, ,á,î,ë,ü,ø,å,ã,î, ,ð,à,ç,ì,å,ð,à,., ,Ê,ð,î,ì,å, ,ò,î,ã,î,",", ,â, ,í,è,õ, ,í,å, ,á,î,ë,ü,í,î, ,ï,à,ä,à,ò,ü,., ,ß, ,â,ð,à,ò,à,ð,ü,",", ,à, ,í,å, ,ò,î,ï,-,ì,î,ä,å,ë,ü,"""",",", ,-, ,ã,î,â,î,ð,è,ò, ,Ê,è,ð,à,é,., ,3,9,-,ë,å,ò,í,è,é, ,ã,î,ë,ê,è,ï,å,ð, ,ï,î,ê,à, ,í,å, ,ñ,î,á,è,ð,à,å,ò,ñ,ÿ, ,ç,à,â,å,ð,ø,à,ò,ü, ,ê,à,ð,ü,å,ð,ó,., ,"""",ß, ,ç,à,ê,î,í,÷,ó, ,è,ã,ð,à,ò,ü, ,ò,î,ã,ä,à,",", ,ê,î,ã,ä,à, ,ý,ò,î,ã,î, ,ï,î,ò,ð,å,á,ó,å,ò, ,ì,î,é, ,î,ð,ã,à,í,è,ç,ì,., ,Ñ,å,é,÷,à,ñ, ,ÿ, ,ê, ,ý,ò,î,ì,ó, ,í,å, ,ã,î,ò,î,â,"""",., ,Ò,à,ê,æ,å, ,Ê,è,ð,à,é, ,ï,î,ä,å,ë,è,ë,ñ,ÿ, ,î,æ,è,ä,à,í,è,ÿ,ì,è, ,î,ò, ,ì,à,ò,÷,à,., ,"""",Õ,î,ò,è,ì, ,õ,î,ð,î,ø,î, ,ñ,û,ã,ð,à,ò,ü, ,â, ,Î,ñ,ë,î,",", ,÷,ò,î,á,û, ,ç,à,ò,å,ì, ,â, ,ä,î,ì,à,ø,í,å,é, ,â,ñ,ò,ð,å,÷,å, ,ç,à,ê,ð,å,ï,è,ò,ü, ,ó,ñ,ï,å,õ,"""",., ,Ï,å,ð,â,à,ÿ, ,â,ñ,ò,ð,å,÷,à, ,ì,å,æ,ä,ó, ,ñ,á,î,ð,í,û,ì,è, ,Í,î,ð,â,å,ã,è,è, ,è, ,Â,å,í,ã,ð,è,è, ,ñ,î,ñ,ò,î,è,ò,ñ,ÿ, ,ñ,å,ã,î,ä,í,ÿ,., ,Í,à,÷,à,ë,î, ,–, ,â, ,2,2,.,4,5,.
Á,û,â,ø,è,é, ,è,ã,ð,î,ê, ,ñ,á,î,ð,í,î,é, ,Á,î,ñ,í,è,è, ,è, ,Ã,å,ð,ö,å,ã,î,â,è,í,û,",", ,à, ,í,û,í,å, ,ò,ð,å,í,å,ð, ,Ö,Ñ,Ê,À, ,Ý,ë,â,å,ð, ,Ð,à,õ,è,ì,è,÷, ,ï,î,ä,å,ë,è,ë,ñ,ÿ, ,ñ,â,î,è,ì, ,ì,í,å,í,è,å,ì, ,î, ,ñ,î,ï,å,ð,í,è,ê,å, ,ñ,â,î,è,õ, ,ñ,î,î,ò,å,÷,å,ñ,ò,â,å,í,í,è,ê,î,â, ,ï,î, ,ñ,ò,û,ê,î,â,û,ì, ,ì,à,ò,÷,à,ì,., ,Í,à,ï,î,ì,í,è,ì,",", ,÷,ò,î, ,ç,à, ,ï,î,ï,à,ä,à,í,è,å, ,í,à, ,Å,â,ð,î,-,2,0,1,6, ,ñ,á,î,ð,í,à,ÿ, ,Á,î,ñ,í,è,è, ,è, ,Ã,å,ð,ö,å,ã,î,â,è,í,û, ,ï,î,ñ,ï,î,ð,è,ò, ,ñ, ,ê,î,ì,à,í,ä,î,é, ,È,ð,ë,à,í,ä,è,è,., ,"""",Å,ñ,ë,è, ,÷,å,ñ,ò,í,î,",", ,ò,î, ,ÿ, ,î,ñ,î,á,å,í,í,î, ,ô,ó,ò,á,î,ë,è,ñ,ò,î,â, ,ý,ò,î,é, ,ñ,á,î,ð,í,î,é, ,è, ,í,å, ,ç,í,à,þ,., ,Ï,ë,þ,ñ, ,í,å,ñ,ê,î,ë,ü,ê,î, ,ê,ë,þ,÷,å,â,û,õ, ,è,ñ,ï,î,ë,í,è,ò,å,ë,å,é,",", ,î,ä,è,í, ,è,ç, ,ê,î,ò,î,ð,û,õ, ,Ä,æ,î,í, ,Î,`,Ø,è,",", ,è,ç,-,ç,à, ,ò,ð,à,â,ì, ,í,å, ,â,û,é,ä,ó,ò, ,í,à, ,ï,î,ë,å,., ,Ä,ë,ÿ, ,í,à,ñ, ,ý,ò,î,ò, ,á,ó,ä,å,ò, ,á,î,ë,ü,ø,è,ì, ,ï,ë,þ,ñ,î,ì,"""",",", ,–, ,ó,â,å,ð,å,í, ,Ð,à,õ,è,ì,è,÷,., ,Ã,ë,à,â,í,û,ì, ,ï,ð,å,è,ì,ó,ù,å,ñ,ò,â,î,ì, ,ñ,á,î,ð,í,î,é, ,Á,î,ñ,í,è,è, ,è, ,Ã,å,ð,ö,å,ã,î,â,è,í,û, ,å,å, ,á,û,â,ø,è,é, ,ô,ó,ò,á,î,ë,è,ñ,ò, ,ñ,÷,è,ò,à,å,ò, ,ñ,è,ë,ü,í,ó,þ, ,à,ò,à,ê,ó,., ,"""",Ê,ë,à,ñ,ñ, ,í,à,ø,è,õ, ,è,ã,ð,î,ê,î,â,",", ,î,ñ,î,á,å,í,í,î, ,ë,è,í,è,è, ,à,ò,à,ê,è,",", ,ÿ,â,ë,ÿ,å,ò,ñ,ÿ, ,ã,ë,à,â,í,û,ì, ,ê,î,ç,û,ð,å,ì,., ,Ä,æ,å,ê,î,",", ,È,á,è,ø,å,â,è,÷,",", ,Ï,ü,ÿ,í,è,÷, ,–, ,ý,ò,è, ,ï,à,ð,í,è, ,ì,î,ã,ó,ò, ,ñ,ä,å,ë,à,ò,ü, ,ð,å,ç,ó,ë,ü,ò,à,ò, ,â, ,ë,þ,á,î,ì, ,ï,ð,î,ò,è,â,î,ñ,ò,î,ÿ,í,è,è,., ,ß, ,ñ,÷,è,ò,à,þ,",", ,÷,ò,î, ,â,ñ,å, ,â, ,è,õ, ,ð,ó,ê,à,õ,"""",., ,Ï,î,ë,í,î,ñ,ò,ü,þ, ,ý,ê,ñ,ê,ë,þ,ç,è,â,í,î,å, ,è,í,ò,å,ð,â,ü,þ, ,Ý,ë,â,å,ð,à, ,Ð,à,õ,è,ì,è,÷,à, ,"""",Á,î,ì,á,à,ð,ä,è,ð,ó,"""", ,ì,î,æ,í,î, ,ï,ð,î,÷,å,ñ,ò,ü, ,ç,ä,å,ñ,ü,.
